inventory_quantity,orders_per_hour,demand_rate,warehouse_load,processing_time,backlog,order_delay
53,64,0.4813067083421356,0.3745193476488252,3.2584750165494234,2,40.52380892881187
314,13,2.039235895477595,0.730342160448495,4.528174882902418,50,46.35540730777656
268,69,2.6811910475264944,0.8134892162422507,1.5352395454298304,14,53.0480240162169
186,14,2.3899611768298006,0.33330891442277955,2.9408481541363316,49,34.28409932636636
184,9,1.0652755365052955,0.23508662673433278,3.428915710517133,39,32.71772981850018
346,14,0.5279802038400175,0.551669900241071,4.545609545775777,14,32.17113799001318
52,44,2.656843390091633,0.8192192687939497,5.804495409362091,32,59.81593669754188
284,57,2.6489505397112834,0.7206238684593143,5.165515514023603,2,53.424246808064666
96,39,1.6777967673108867,0.761505376331673,3.918351311264726,49,56.98875368856851
55,15,1.9415617880116844,0.5222714719946948,3.710023711591451,21,35.45546881467291
220,21,1.5102401457059398,0.3879564362024559,3.817526811899689,26,36.872813180131686
390,77,1.4074368810370208,0.6254230746276876,3.4984825346287556,10,51.55627312108902
299,86,0.6866762462288809,0.3634925549993575,0.8264958414240795,25,46.91165533191747
309,69,0.6322069560666305,0.7809829575880527,4.340630170235128,27,56.01493847820874
292,13,0.95855715202285,0.35757316476758166,4.439852400712816,15,31.29315459719823
318,74,2.4079377913757063,0.4330106133714732,3.3186419924686508,68,66.79380493284789
215,63,0.7499975217656321,0.6052358226584043,5.287131829713987,19,49.87937658234424
68,49,0.9440767645953058,0.5893679473147959,4.198402415161732,12,43.47607016671245
339,17,1.716673742373298,0.6806795011256235,2.494655618213593,38,35.56265899093708
191,89,0.9163149233878586,0.5499556803999336,0.6083189447924884,22,48.04867762015204
210,42,0.7916960433226891,0.9355786468080731,0.8253890557372404,31,40.604792969206734
160,8,1.7519589800751092,0.8719472753577506,2.4348904390298247,50,39.49758434298334
89,22,1.2834238503918771,0.9032907609893108,3.0415792885927555,5,34.8008766228144
372,39,1.9027822860171262,0.70361325712275,1.4177911572963378,35,39.25614282321347
316,10,2.589292816980823,0.7080063326886452,1.5413056853244766,1,21.868348396158176
264,32,0.7623835154441624,0.687358946972759,1.7661624732863497,3,32.55667119011191
172,44,2.592240783551353,0.547907323537165,4.7928233676695,6,42.97406441944978
332,85,2.5659759218150047,0.45768480085381014,4.742083125234743,11,58.26961285274034
227,12,2.3898102000061665,0.6736023099590962,2.6061644197757836,24,32.02492974061375
188,54,1.9150862015346046,0.22042546971076027,1.448004098714177,65,53.873358948893305
191,82,1.888351977917314,0.20596514513904243,1.1099961178490807,63,62.1942492903433
106,73,1.934110383847604,0.8813134610373989,0.9792112162594527,7,48.71361140186432
55,83,2.0571893229227514,0.23713923582209775,2.6520358799465464,69,68.48513301400901
230,19,0.4395572814307769,0.6198361202667344,0.7504833832661567,44,29.724928643285526
357,73,2.699422189985559,0.6919902103597161,2.3349927041948426,38,62.58139118491684
44,88,1.8054490275173913,0.3585369836979485,5.788432833976255,55,77.4692271382933
346,32,2.275518014565812,0.9165846706121188,3.291275385855213,33,44.41344313757853
334,47,1.3054764137472716,0.3520766173987,5.024545612593539,18,47.95341994147891
125,50,0.42975331339791034,0.9076119898933397,1.210962702424695,37,43.03664234612362
260,46,1.6233631837034657,0.8103922154664283,1.9744333032533765,50,53.373229328235965
82,29,1.6172562863582294,0.39259436281935517,5.706005444992049,47,53.59883848535068
308,87,1.4487742919474842,0.32059533302087484,2.60953543313713,11,48.0829857098231
286,86,1.2153209299889842,0.4529861681489881,4.066233706465773,65,70.95794012696341
154,37,0.9995826107433329,0.5183604530162198,5.868697285394242,19,46.102532523364786
45,73,1.6661076987932386,0.3966277411991388,3.5293326598190453,57,71.54093430653394
388,38,1.300667535264386,0.9991132390035387,2.1794027207580475,21,38.60641810281645
189,72,2.7278365193195406,0.3837218689916648,3.4257165077363427,4,51.637391083029755
359,54,0.8150255386406355,0.8645078615862856,0.8005045963197261,69,54.07998932891977
277,44,1.1671973623050087,0.3272941976723782,1.1180343075098014,41,36.45463124218731
315,15,1.1055051302189705,0.984195700220758,0.5394410777874845,15,25.85420745615358
308,60,1.703942022966297,0.3804187666264679,5.363155228607523,0,45.71470513193239
93,32,1.598272616737955,0.5373508438268738,4.192042358947775,9,34.41725329723796
158,23,1.9449771170182553,0.6468512534143251,2.1408137082301146,11,31.261662782358737
197,21,2.680004249378099,0.2962285721248747,1.7163878056401751,64,44.29744316478891
209,88,1.0845306051852817,0.8534560539832812,4.25692130636779,12,59.6043364492659
36,13,2.0626517662119914,0.4197484261446639,5.557426356319054,11,36.28959046875917
227,72,0.4600964872124407,0.6394159212813311,2.1452650007866088,58,57.695191338822816
78,78,1.0297323345606988,0.6397070485545975,2.2685751016272997,61,63.65110747700796
302,7,1.5129273471918228,0.6821125218606281,5.198323988565751,14,33.430339700877624
279,55,0.4743874923547227,0.24438878921945176,5.413566987360637,45,56.08969656860552
370,54,1.8824067053287332,0.3348950094652543,5.527201117563782,37,54.99279182742106
303,35,2.0279454601640996,0.3289537943386914,2.1123481440368215,40,36.67053786869204
159,61,2.192156115611312,0.44164100753268154,1.161719121779919,21,41.428324696606225
387,39,1.6397788116232292,0.3159313254866719,2.9199866459919814,52,46.56203736978007
176,42,1.8494671959487041,0.9375370566194319,2.126706758276496,61,56.20518404204937
143,41,1.3505566030683693,0.6103635604090406,5.361266667465097,50,57.616874921504035
364,73,0.4990072780157501,0.6988601181621475,0.7014921799194969,63,61.21896790857399
160,58,0.6398844538588313,0.4859905403184967,3.9863425829994976,7,42.835104061100125
49,37,1.9719902180835138,0.42099691282712925,5.483997511614627,45,56.35632286937372
198,83,2.7893327190058628,0.6025417361857703,5.871687017433363,69,74.55546735936558
322,73,0.43792777399191085,0.4354583798678669,4.075718296139238,37,56.66366589531411
91,84,1.7382003923833187,0.47491674058381145,5.7245762636230895,65,71.92883340665794
195,67,2.2024210069181387,0.5622006994166857,0.9161270444378701,24,46.047033379202276
69,38,2.3842595872333088,0.6045869497474845,2.4760309029793186,62,60.71532955950223
280,70,1.7084917629343361,0.987451209425471,0.5479308352970353,65,61.297333132116975
200,32,1.8877983524418522,0.3786580705295524,5.8965107470495015,43,47.43837445356946
145,28,2.0721398686589283,0.5903809319061177,5.464995633216845,49,51.95005128272495
106,43,2.4615189992642335,0.31960939159147117,0.6542890593651074,36,37.6204487091425
234,87,0.6934948892867647,0.4799993861663781,0.5997295775287128,22,46.035749244058294
274,53,2.622837271059672,0.7738485749651234,2.518332217585014,37,56.762499352549746
377,37,0.46244176852376806,0.33956971500845967,1.9219588173499598,67,47.90066486995647
186,44,2.4068794022986606,0.6650810460400345,5.158127524833762,1,44.42473219005165
81,29,0.5841770237432734,0.5333608188544058,1.3826642179952426,14,28.2721879223696
336,60,0.8671077078518135,0.2412636355235784,4.848572044854715,34,50.47599118078997
259,34,0.4093459513147183,0.9464601931827556,3.549528349948648,23,44.85175989640191
286,52,1.4686160932864976,0.530882512234309,2.575654742727433,43,49.60159102288733
56,36,1.2024621441217413,0.827141228600933,1.3014586895335831,25,31.98176616898899
138,32,0.7983829875688656,0.5330507909854403,5.9873021827781905,46,56.06862284709277
311,87,1.4826163859293753,0.9498882572630276,3.898923665068452,7,58.357724736510455
336,34,1.3656901196132412,0.432376267543118,2.9166022791239685,23,37.6233687015673
185,10,2.2423864784769796,0.5297845197501575,2.5412015610400243,48,39.54920501532196
325,37,2.5435127345680777,0.8070913922074292,5.481505268469704,32,53.215869995438915
339,50,1.9661614042409963,0.47493385222468554,5.016554945049186,49,58.204687178458606
167,13,0.6985849329436573,0.4914856570681435,4.961521836025231,44,38.64957688602857
361,30,1.1089379073036416,0.9958585387313788,3.8890916012931607,22,38.769126505680205
129,19,2.5919639123974716,0.6444916205522816,5.38376120482691,29,44.07369878276011
111,47,0.6129627832189339,0.7515043629361184,2.1460310466713874,67,56.64523434211603
279,66,1.3764540145379836,0.714769787322888,4.370383743398091,67,64.71961338095035
261,87,2.662011086160355,0.8623393177252578,2.724462583155409,2,53.12260062659242
73,38,2.6815956195267656,0.8894600795533945,3.7999934470783066,49,58.579814559997644
336,78,1.3868876249173416,0.6506049059762478,5.989841503369811,34,63.67803017122112
95,23,2.0017525314371136,0.4356448599731195,5.914886293714251,0,34.416951816057946
325,71,1.4961894360495975,0.21824019805997558,3.319404590570965,44,54.08383346246087
22,52,2.20830529464722,0.6915226008514561,3.6562489869065353,1,46.99106165239252
322,69,0.47579519366319645,0.8603750666124956,5.435269730255156,22,53.133698500682755
319,69,0.7459771574112604,0.5604318444093277,5.920996418826202,48,62.15057032653099
316,50,1.8740771285046383,0.33176491239269146,4.782342914443439,56,56.90511792060413
272,26,0.9581254298633526,0.43046565834851275,0.8585145187724689,28,30.027965007084635
199,49,1.9985255182459567,0.6079911436094917,2.2745185388912517,56,55.1765496322005
287,75,1.2429350259071161,0.8693449751821334,5.431092869561693,58,75.2929280650722
125,87,2.527949339506771,0.33740251685473654,4.725938782177643,31,67.14428577648258
316,83,2.3662225253439675,0.6897199005676113,4.582281890634349,12,61.27415538721455
231,20,1.5828107201650772,0.8026948911604364,4.173577767574776,46,44.61407381317977
194,55,2.2549482090276585,0.9488380162678587,2.7839511729781092,0,41.77623517207966
212,13,1.0507309269642169,0.29336295334308754,2.7178272618958594,62,38.13416500796249
236,61,1.5862234643484703,0.941113307331646,4.949128681749405,27,58.601433976951995
34,89,0.8739569244718676,0.6811740281395836,2.11579160470789,53,69.65742521061972
73,9,2.466126804450385,0.8133612699458288,4.266575299855354,51,47.62675162597825
113,60,2.375362279764196,0.24301976765484437,4.494146878831762,33,52.513748647281005
63,85,2.5651592041816027,0.6049185245124762,5.145057941488409,68,80.5988944792096
187,77,2.5059447549382226,0.698103739264635,2.2593707488885864,55,66.59519047756842
273,38,2.7030310289427875,0.44546707189827217,4.5803909676101116,61,57.68330434242646
268,13,0.9480069559166223,0.5453201664810021,1.0856944366827779,6,20.205837389536885
199,83,2.636378297908757,0.6434385082236784,1.259339509235476,33,54.568435297960704
344,83,1.7709116592447942,0.6420383518183839,2.7953482209537084,66,66.0194189560109
234,54,1.4139882014035652,0.23348922032547048,0.80374176995386,56,44.416147501197116
50,88,1.744897350322895,0.5515854132631139,5.712340768059361,31,70.23283116015341
310,5,1.2222456559606667,0.37105452383378473,5.460426957801483,4,28.17458241170916
238,57,1.092527216706285,0.93335606246828,0.7691353253921374,19,38.556583039671956
261,8,0.979154411146069,0.9812639920986672,5.110714470407533,40,40.62002027801155
234,84,0.5978271746971043,0.4397175170816553,3.298807957495139,44,60.38892136665019
230,62,1.59175575315325,0.340148317800847,4.360795886054524,64,59.02921099687535
54,82,2.5306280217133295,0.3756033207586745,5.37812143114003,6,60.417822626031814
232,52,1.9123647262585233,0.582201804282363,3.6733596789273424,27,47.56580031369237
322,12,1.6503415186138564,0.8996044792905427,1.139799051565462,19,26.178199757215065
135,7,1.4286230038021994,0.6000289719501117,0.5141823576762243,67,35.300237143732716
249,33,1.5145639031612608,0.24431364937223812,3.233068427382956,11,33.49625293775943
31,68,0.9022656341726822,0.2319084821705152,5.72077672668398,15,52.91591977099534
152,17,2.3750461052634333,0.3819127564982789,3.6494202938725775,20,32.58836120485587
185,77,0.8761191118756673,0.8742170220875431,2.5511652594852605,7,50.46496818110124
393,25,2.1198946161455514,0.6971844460281151,0.6700710939450234,45,35.861830376871616
101,47,2.223964027590766,0.6503662830290332,5.532386795030102,36,50.74782354192567
125,22,1.7796857008665623,0.4551756740661137,2.299361634719232,39,32.599396963695476
175,44,2.471023299891588,0.94354032403695,4.376275707233029,63,60.40349680205908
397,43,1.09852084588156,0.464942595969706,4.318304611613057,30,41.8790654265991
344,5,2.5158813309828716,0.8679555301223574,1.8963573875281134,21,28.40779713268888
33,53,2.15058510303833,0.9167228143807074,0.8507762855339893,26,52.80249494947168
108,71,2.3169995866282256,0.5866680105729094,2.6175020826951396,56,57.78453658331668
332,84,1.9949913028655542,0.9154314155845942,2.2442205761045995,36,60.75619068919429
42,33,2.4312232407759264,0.4214426299128377,4.351410193797792,11,47.27775105782872
345,79,2.783437270522326,0.7267467409466206,5.0088037261291145,48,70.81986890774851
126,79,1.4083908508591327,0.27037099881950905,1.7234497956542107,52,55.432573291958796
368,89,2.3533976409029687,0.5791473712739151,3.4052708837704326,17,58.1898390325816
131,36,2.1869914228432807,0.37386544172667835,0.7233459106348892,38,38.236211863365085
185,77,1.4868883977088432,0.2502106223444823,1.6784070261340405,39,56.108636797707724
271,53,2.6246775993580287,0.20298040646209659,4.689688829271457,12,43.7568411882578
67,9,1.3466222309742273,0.45980169315264674,4.863690762689899,0,26.72743560705515
231,27,1.7571181990629703,0.6716244756294103,4.770224548984918,50,45.80016034167507
211,62,0.6542616567783077,0.5641842781209259,1.2831335874354857,43,48.17881139609205
317,18,0.9418604657590389,0.44141543881559686,3.530691001076295,49,35.7798891464448
398,41,2.4176708092810255,0.9929600246210009,2.824896279438606,26,45.32475180252638
272,70,1.3517265347892335,0.9516200319837422,5.953174632372997,36,62.71310601263905
175,17,1.3458018145966197,0.3005226454699975,4.097384279820849,68,47.89565522790628
174,47,0.9903544436574886,0.5320859413347958,5.64361150267651,15,44.7934062882035
178,23,1.5798648023138906,0.7190775471948887,1.2994266775464067,45,38.84680830920161
329,50,2.3339607072414936,0.7867926380239494,2.97980300205126,9,39.348144197145004
142,25,2.548393882656975,0.4930977239275923,4.743841800582278,4,35.83681152975489
83,87,0.5682746369060413,0.7970254501882781,2.5232175041672145,67,66.32775366879741
147,11,1.779569754976277,0.29932001032854266,3.9787967288450568,9,26.000316219037906
28,86,1.521456082941603,0.4654501002061638,3.314361948055134,45,72.52885810682567
60,72,1.874276441131788,0.773146540604724,5.955611750698957,35,69.56490850902698
54,77,1.4734616485798457,0.7005462322083,1.4562989703602032,56,62.316589910036505
313,77,1.3567475700481961,0.869768171889324,5.644417824315703,38,74.53357442239326
294,20,1.5325137098307744,0.23748561813372407,2.708640245918132,48,34.70081632069409
284,84,1.7967979090153938,0.33951337425843886,3.0739613150751195,62,68.47804416030064
195,55,1.6023597064762645,0.23879566581757317,3.4073103602948844,58,50.09060038972607
292,86,1.533146682449551,0.35369137939936907,1.9595160218846892,50,59.155023913895675
81,79,2.3628047438993938,0.20342624850634802,5.800115934359361,11,53.98298711176987
362,54,2.1895551789708585,0.603368241343093,5.513179628791342,11,50.47596823326938
210,36,1.2193083860348628,0.6226515164546044,5.850978051162494,34,49.374663746580026
376,14,2.321385082036769,0.7263134251247958,5.983057647152377,46,47.320639381148936
77,13,2.4487616056108004,0.5079299577608347,4.183900523495346,46,45.72506940262067
208,38,0.7683812928980572,0.20256615254814722,2.9842702269315957,55,42.84782675869777
284,73,1.7984379081538209,0.7391129235261098,5.179036458229676,7,55.79436859974131
208,47,1.084748784638113,0.24343287019833007,0.6309268280998621,12,32.46043162996241
189,45,2.1740135726241343,0.8929363446541951,5.089222245924269,10,44.068185952854314
83,25,0.9730847904608397,0.2181231901663499,3.2350731331605367,37,34.952246717958865
164,52,2.0113684580152764,0.6243800986053061,4.202710148958798,44,55.08912185325917
110,59,1.0122991745383214,0.9159343059084166,2.557253337383792,8,45.4660970064208
134,88,1.6267450322318635,0.6579916606310241,2.5274273462674874,60,70.9927329538536
279,67,2.676751522998861,0.6867333972351439,0.6744443404598824,21,46.13179797222658
259,56,1.3151380922954428,0.7452886786699247,2.830841867359573,46,52.46812939660038
250,82,2.501772366311698,0.29792707818437364,2.745948074806315,52,59.97895053540987
157,41,2.768666994889347,0.7399416806484476,1.7363510602743921,2,36.3489427574412
384,84,2.4996420371323915,0.9042839056102523,1.860278004468721,60,67.29366994145202
53,36,0.7980784713360229,0.9793766662682533,3.712767692433814,67,57.53808148570523
150,15,2.367179726884391,0.5544415994866776,2.2477429339672668,67,43.36831317422556
64,40,0.477158548241347,0.4756038813420375,5.066385499595094,9,42.62655228245533
148,15,1.3439245208783388,0.8026476924770536,1.1126180877138656,27,28.423788359972477
385,15,2.489760095962873,0.6342994304762517,3.6770472061627397,16,31.865336124915903
159,79,2.0530053106238078,0.40584372356402443,1.3802459992650629,31,53.00500667291497
365,72,1.6785770256109074,0.3377263079757624,3.405323448063623,68,56.08110862934622
208,23,1.3308736601982893,0.33618424047419493,3.539002378226753,53,40.48144914380025
285,76,2.3495126715286863,0.5673416292849216,4.03263727589151,53,62.69484609888384
193,10,2.10294016947573,0.3360995244925201,2.8508372100009156,29,33.397376845786994
121,29,1.5241727670776162,0.21577515520918863,3.302110768210899,65,45.080544814187824
310,65,2.541962409303183,0.24167101997575202,1.4952393884471133,64,54.636044189489326
388,30,0.9518752427647177,0.9439076351623725,3.046584423549813,56,48.411495181598006
120,67,0.8089396219806997,0.2583690729281086,2.5516671400185977,57,52.95296521833839
315,79,1.9427290344005956,0.25854455246476765,4.163721075599254,45,60.34722325148591
119,10,2.7327864224842484,0.5609507564268259,2.8915194792306735,6,27.33867171423426
292,7,0.9934157759362487,0.39608022586802605,4.786379080391211,19,28.835676931275827
319,84,0.9992089094411836,0.9701550817379982,2.842956542155307,53,65.31924195647528
190,49,0.7347972351092558,0.9287886715982434,1.7967414513567728,22,39.49379817589539
300,48,2.465352532656717,0.5237945989370136,2.005287954272215,12,36.17864918412591
123,44,0.9433540969872019,0.5589852155330074,0.7490687380040011,66,47.35367579559323
50,41,1.6076284641397307,0.5000909224604562,3.4695534583050054,34,48.45488899659247
56,63,2.778093947205291,0.2302928933145026,5.06984486145177,60,62.55227924231234
189,54,0.4291381622129046,0.43427747140376693,4.730114387496636,19,47.40894670610896
362,18,1.7355666172259059,0.2981387756895873,2.9078420648615926,25,33.13792376608397
68,58,1.62949370249187,0.2818962640120982,1.5786619532948172,24,45.652584637521805
193,61,2.3378737033843713,0.6486892583491103,5.24916443813599,26,57.22466516925078
287,14,1.2526756949266646,0.2790118861708498,0.8122956872478762,30,26.5498617521624
96,37,1.3848192613576997,0.2823450590362109,2.6957249886137173,20,40.88448475523175
294,72,0.8030511534372728,0.5844109718554789,5.211383283111731,56,64.56763954254475
136,57,2.177956555925888,0.553825892098111,2.6624717807230804,22,43.779792583084344
327,16,2.283301382051556,0.31010782810589554,1.1483150891632796,30,24.781497041447455
240,8,0.7279919698691926,0.2035592198470904,1.9627222519018788,60,36.93662936980031
227,54,1.3442969775719722,0.3543795534142751,3.800161929586216,30,51.65433373436307
87,44,2.542971988870439,0.3887138033456326,1.3361974923201398,0,30.090411284369438
196,86,0.4064974568218892,0.8401987548870942,4.102144297632957,0,51.4104435512057
345,49,1.1170217694943174,0.932350680421772,2.9098906215958515,30,46.95036892883653
27,84,1.7321014841261144,0.5247555179903758,2.33914225451287,45,67.86670239099234
308,23,1.201825263183888,0.5240213812007823,1.8250901428774013,65,39.21193707493038
207,43,1.0529084540264066,0.7699850270078934,5.028314922211902,9,38.664346440122195
293,16,1.50408996376771,0.7015376125637511,2.6817067110487085,37,41.753484610600935
272,53,0.835655459463265,0.3473121493547273,4.561635960834252,20,45.791356215934876
184,21,1.6711005783027613,0.28615129783668913,2.9219535595056145,31,34.91118423611727
137,46,2.096070211151742,0.5500895125240406,1.0052695278772867,30,39.949096043220706
258,34,1.7807078863084054,0.6518626905302104,2.922782863419932,21,39.99752653270681
73,20,0.6234623940604742,0.31096608252704744,3.292282788546702,1,22.110636273803046
241,13,2.4265806739973756,0.4346187947267557,3.0181320642135727,5,24.45513371175606
55,48,0.8199468099699716,0.4447543971444599,4.989329414615499,36,52.57253488151912
266,85,2.2355488014667086,0.4090385608193312,5.509682419736661,15,54.54779442669545
258,21,1.265356265862041,0.5686090130334329,4.827282713660686,22,36.932730638951995
52,39,2.2786272353346453,0.7224508674557908,3.7053004621602783,6,41.80520162654126
307,24,0.8950549681728298,0.6075119068927939,3.477974783051899,3,28.953161529053684
178,73,0.8479890488690316,0.3611652497978754,4.045388165680125,8,46.122050805894055
319,40,1.5928620309219572,0.2823512376379198,2.08306663041656,26,34.265073936937
35,87,0.4790464352760652,0.8574963703189604,4.9651576538177675,11,58.4388172400752
88,25,0.9407136130776002,0.5834437461742286,5.212664976820135,16,38.996086405989494
207,11,2.137629405242436,0.24971134730710176,1.969694397500068,21,24.874205408306317
91,54,2.409720347933021,0.40649719971964643,5.465500144770427,20,48.05826931940081
145,60,0.593884873450745,0.843227022707324,5.168029981954171,0,47.31283095219345
271,89,2.5169865026514504,0.80138105981884,2.8346772211538065,8,56.08163227843549
74,79,2.3140412897276295,0.9006533063179023,5.4995011115101,66,77.10702032483186
277,80,2.487242309696717,0.6816702608013536,1.1624144659632947,46,53.66503232215521
59,58,2.0762285309892157,0.5383247474864441,0.653926075648952,8,41.654705679307476
86,35,2.0179673615055154,0.5413079980435606,2.4132675407672988,19,34.594000485725616
243,41,1.660223760027673,0.355200035594355,3.6098963435503975,26,41.820519566580934
321,16,1.966689338779156,0.7206391692143055,2.432934379930764,63,41.967138589369256
84,41,2.605863194959852,0.6680550048742833,5.6813725351924775,61,60.990636336470374
133,35,0.6412528034001002,0.32389152914306873,1.900906259803298,53,43.630329922719284
371,8,1.157834746830619,0.9085303360363,2.046673664759734,7,26.012340064511434
396,22,0.5738919366300924,0.49477456264847763,3.991551868996703,34,40.262568806661655
240,50,2.6675324126656923,0.2397910124168548,0.5212513528793952,33,40.70887406709393
189,36,1.4686371183985312,0.4623047366238271,4.501563787950296,44,48.73740550514758
151,89,2.0208267296228524,0.8958853717692608,2.5760821570123644,59,65.90987166532533
252,45,2.418688154810371,0.9335652686894276,5.877613272038128,22,53.09916415794773
244,86,2.778400595383572,0.5923187338077068,4.302796761663617,38,65.97054988359346
132,61,0.7882778987014378,0.9650719520587343,0.7871822529528869,18,46.039129493423985
28,8,2.318830253723749,0.900193447369581,1.009452948080855,14,29.123597809779007
77,22,2.5298149555281673,0.8601845736793803,0.9849245880828721,21,34.94969603907292
384,64,0.5173009044421015,0.8877680517457649,5.739422429405691,51,65.0701194990609
178,51,2.209817344445376,0.5055003297350589,4.262283476696732,30,53.074320615193315
203,30,1.2513407708717208,0.8051751526044348,2.8518330400891463,47,44.55162457916433
197,49,1.956632299529037,0.6618712024609195,1.6026547943401708,48,50.81394771765338
317,81,1.6337156704932756,0.7757472013922453,5.305018605396918,25,58.884923096870466
44,38,1.0233814050079286,0.3422288860646197,1.6085576021923724,66,44.87737748368461
51,8,0.7245312688095665,0.7851151294199537,4.386735690616996,3,24.816113248907996
124,31,0.6806733594140999,0.9660739473553375,4.698283988499403,62,56.3575130085476
204,84,0.6479748585003801,0.44213065790514366,2.120608488704746,0,46.310153903728114
275,69,1.9306960963229867,0.9889290591645017,3.2770310544385324,26,58.74579654712417
206,76,1.2433860433588915,0.5027008118442968,1.7264410527511664,57,56.69374982133496
187,82,0.9199202516940939,0.3597787976168263,2.5841131160052395,47,56.625389878968825
376,14,2.060524222494167,0.28982898384019073,5.808239190540048,22,36.45046883282547
81,29,2.0484389578395206,0.8279695306305423,4.312259190599367,61,58.48482736833831
237,10,1.6940039016567945,0.6438603203012547,5.1563781340478325,9,36.66753539971761
226,5,2.643898760478042,0.4457050349296231,3.4732976430670752,46,38.845275898033364
199,75,1.324994155459411,0.6867602958350063,1.8147185818324587,36,54.916797761014394
326,84,2.406071131046303,0.4656809502728038,4.4208392116695645,14,60.99977088662641
121,18,0.5803345790372711,0.5586862058627671,3.2531237843481153,64,42.506638310097
382,66,2.1755946256924106,0.8901313006024729,1.4726687745888227,53,57.12650449163368
145,50,2.7722737931966317,0.7345331814873319,2.7683643929001565,0,40.33198055111212
227,10,2.4318357190907602,0.8099214717637733,3.991621204589683,6,28.973903892280706
217,82,1.7911953263441425,0.666794841175661,4.5443252117523105,3,54.35519735586432
342,79,1.9042385543851856,0.9931184391084968,1.8377143773969344,29,54.43990196434805
186,53,1.2478949186486723,0.39312805303271414,5.317985366421321,29,53.115282267647935
128,65,2.0307645238194496,0.4098329285750518,2.587531088910729,50,56.71700223562232
28,38,2.248948919635185,0.27404715099066634,1.9912519484101163,47,50.70954470365886
158,72,2.795748354682849,0.6432156016565684,1.5731603049954863,1,40.8393734077132
333,42,1.581911000801039,0.6906873891266943,4.9229423392163545,33,54.719880824364836
23,89,0.5471297578562615,0.780769258319056,2.4479051623133437,54,65.69994663115301
360,10,1.8300590817543645,0.46835674075940886,3.1586946533836406,62,38.036105089363915
226,19,0.6856579599572046,0.20980544149202177,1.725509029601316,20,23.029249287450718
73,87,0.9874361045346641,0.7057836296706561,4.273500891429123,3,59.639599798860445
134,29,1.1890717871337695,0.9989563940163062,4.795683741538323,10,41.13460166289662
230,31,2.1544716955561856,0.435639483031994,2.3668388692433786,23,35.178508704577595
139,72,0.8411394973084013,0.3471475619752158,5.697936619542711,31,55.60807833418833
61,21,0.7978070724216462,0.42541356626108257,0.6683583525812985,24,24.69312604837966
273,48,0.507914181997186,0.5403323798216377,1.2311870680072219,6,34.896606735329435
275,29,2.495775847249314,0.40073034316205175,3.7383286735826995,23,40.83102427850455
65,21,2.0644130184545455,0.47756802029402395,4.357737741266089,20,42.10074190161348
126,86,0.4958715174823036,0.7105653908634901,1.8787564422998244,34,57.24131097701019
112,21,0.467901533531475,0.4760223894740918,3.5473910329024165,5,20.90163450675364
270,13,1.7408183115401346,0.5168471558269238,2.2511243587354697,55,34.99302735043614
297,62,1.0780825630881066,0.23202501023941116,3.5474908509187464,29,48.76366659250722
296,78,1.8321432410366292,0.9343540012982958,4.1263022277033885,22,59.09132985106987
376,15,1.443050021634317,0.525508767931883,5.850444294629816,63,48.183320385616994
312,65,2.6159501495446107,0.46251481282783546,3.0063327301165104,52,55.707851091284354
141,50,1.090741635907283,0.26918735699630764,4.065188221492593,9,41.803371951369556
60,75,2.0299488842533444,0.707346572316147,3.6792158635596253,10,56.4548751087781
253,15,0.529730347884638,0.8910599602110041,2.246551916381651,0,25.646882136210316
368,87,2.6940652820534208,0.23292256004192025,1.8918527243374619,39,56.344785456933494
390,57,2.753817922980045,0.3162179738928284,5.9332889695959805,24,54.5886668606926
107,76,2.1737791096393897,0.3171118631089659,1.6376879893583343,26,46.23806089168174
109,35,1.5165099317525756,0.6818198842782344,4.846513968908303,35,47.36690186367491
34,85,0.9279842543854272,0.9369844021746951,1.3062306506141856,37,55.650491756431364
73,58,2.3500392165951154,0.5502146936524077,4.923931981486879,0,44.216435091797486
230,15,2.1672498331528534,0.47504515855508056,1.5215064364425142,7,23.146920027869577
227,83,0.9326896949462777,0.8126725484773532,5.819361542088918,55,78.52275733387043
160,72,1.4829167059774377,0.7940552494045212,4.272932111159845,66,64.27919228503526
137,30,1.5107174507602843,0.3974049114217677,0.9956503402170589,58,37.21740752764653
335,51,2.3833853199345016,0.3286610898463088,4.3124741570245595,63,58.89683522386915
194,37,2.0412272424017837,0.4862480259322851,3.8199141952985354,32,48.69066001003048
327,51,1.9436021044961325,0.8204827137813051,2.356504356816772,57,55.67927898974624
386,87,1.9595858141518683,0.7560507119319826,1.9340479876619305,61,69.07416011681043
140,81,1.0491281905179495,0.7326829650849642,4.453184299614836,62,69.1151873185004
97,23,1.2921070235908816,0.8635428481305631,4.577487551224262,10,35.86307175728558
382,87,0.5095894850480948,0.421704249873115,2.299632169238951,10,48.706288500274816
261,42,2.288658725949097,0.4717469803756081,5.31924910961727,28,47.32183433737897
130,64,1.439195716407553,0.2338715604873408,1.978549703886702,35,48.535508160187106
256,69,1.4517720570101766,0.8949966206428268,0.8842543428614607,67,56.32561708787203
215,46,0.9888550358407041,0.6659437879377426,3.7992731465516822,22,46.42361170978037
364,43,0.9026254755026294,0.4384978335069547,1.0888881505738888,58,44.46246034790545
117,43,1.81077263096567,0.25553322515949245,2.0216523534656687,62,47.358751861755906
396,78,0.9581272364888218,0.7787276025299679,3.2895251617664085,67,63.52016515113458
375,37,0.5541012437571146,0.7989900156392489,2.074977922965137,13,32.116770499114594
88,28,2.242017798354156,0.732942921692018,1.6824798833102441,16,37.46847526252819
82,35,1.303526642575278,0.36302477675738365,4.3675197819811,15,38.3593605189426
222,21,1.3125654013583308,0.9305728468068839,3.5084963777126257,51,46.369724029267125
37,38,1.4351638756378993,0.8025264152167011,5.118686865376543,48,55.522656635643166
133,14,2.3561075761794252,0.7262050588671762,3.6968177706051266,28,37.32314447344315
185,12,1.170008550255561,0.72075513873743,3.158959664755781,6,23.579453111317672
388,66,2.2192869070188066,0.9234861600733131,1.9369099338593352,36,55.116329263625076
397,11,2.6549076178709035,0.942645706477699,4.856362313002135,51,48.98883024290892
77,53,1.9860836702195184,0.676509934408192,1.5827905471040198,33,48.25379823458736
358,71,1.436034594824859,0.5333355287700388,1.8322562603523815,18,44.32989283988562
54,66,2.1946953355519954,0.490987183647533,5.128737282141885,41,62.430558410101085
304,42,1.4989536874033251,0.855263072864578,4.576558891510661,46,55.33223535040563
341,21,1.394625450659538,0.715684271867467,3.870804189387363,41,41.572058607333794
358,84,1.6606795925744398,0.26181282420292296,0.7140629193261538,61,57.76152611482394
104,75,1.162533603542305,0.3137488104120218,1.1999169005659955,21,49.64788664785721
359,57,0.6502005190720028,0.920148716083877,3.2497660310318532,42,51.44856730145689
64,12,1.3956448132627965,0.9075985184836008,4.604864079155901,59,52.31995443909585
217,7,0.6972565147103247,0.961465958957975,3.052554753055028,14,25.542207601496614
198,31,1.385059536533072,0.5422807738626589,0.595111634281307,19,31.397225543723934
140,18,1.7366409309122806,0.8272487261125658,1.5134849926675193,3,27.85166172457765
28,78,2.633706834893552,0.8625800218514572,3.7382168479111995,26,64.04223172068116
313,22,0.48693359450872864,0.4525575246705545,4.3181938282839525,3,26.015011868370042
147,29,1.891500175604666,0.3162701689817138,0.6838557199154741,52,32.586553042713106
271,87,1.4985644479601854,0.9976210893113384,0.7383246440327518,6,48.61522310324325
175,74,0.448626707689934,0.22417536300107993,1.9372056350099962,48,53.21157936675686
161,23,0.9989156222529288,0.6778687349691543,0.9592593246261072,40,31.514010286109404
356,37,0.6843646056515238,0.7201698193453672,3.4807042770635057,69,53.56743189957645
55,48,0.9203059497554673,0.7454314735757188,1.1803609007617426,24,38.4725459920807
299,61,1.0589685843062036,0.4045021951752718,4.065206341957824,24,47.992707485375625
303,84,1.363135204917271,0.7772633954390806,4.774739256191729,17,57.28962061006577
164,79,1.6696945443733369,0.37311965062501246,5.837841650636586,37,63.586620082040014
119,88,0.40237598542332664,0.863230604601346,5.716238289007428,15,61.09963396137317
22,8,0.7884864655089779,0.37529333926770764,2.00350832629403,7,21.08212449683275
375,25,0.6245593254611217,0.7573648232608621,0.6617528144274505,66,39.799006124893616
380,52,1.719216158230585,0.8267307886671806,2.3117671886147235,47,49.925826604417914
111,9,1.1897796889630476,0.35115660036975105,4.396640652919593,8,23.223224424981822
32,35,1.7161545664833233,0.39038919010608225,0.8289066509989661,43,44.55651752629264
66,18,0.9323759252192267,0.8232829909874935,2.478419617192858,21,33.19179397064314
45,84,0.4581504498102037,0.2687991773079623,2.1391900115079885,12,44.01187522286185
335,10,2.659280563048592,0.35260876197333135,1.7064009970043719,33,28.231679963785005
358,17,0.6599394908535856,0.5644247249519322,4.383719151016734,55,45.58157840771537
78,21,0.7044609951081204,0.9441455429958165,4.1250335276340575,0,31.372454142600766
303,17,0.7517123836243372,0.6495022679144085,3.4452175171888886,24,36.90125505610257
88,53,2.7550636575838543,0.5101422785665803,5.509260518248786,64,63.11682010968485
159,35,1.8823845764079907,0.9826961777779812,1.0672636900164985,27,40.47788911322961
247,82,1.8646958840892416,0.5709690449770308,1.3232907346297196,6,49.48951277171723
293,27,2.768075683644471,0.5469879789499856,2.608973235706772,30,40.12985207168044
352,50,0.6122530462591714,0.5293154535101788,4.1073512852459535,47,48.09338011461534
37,61,2.738802142101494,0.44974405808543705,3.7124361073497667,69,65.12758717557941
94,58,0.8896315517296982,0.46055584779006753,0.9072347810736259,44,48.689325927979546
126,72,1.895371608548885,0.7502696479435984,5.771336420605571,3,53.245773313592565
137,22,1.4082005567267002,0.23266847787350492,2.1778564905376534,56,40.776275575132495
399,48,1.3214843523452275,0.7454533805170551,2.4743493758070163,54,50.74518720359656
315,73,2.63498398835071,0.36096359850069826,3.9299638947388296,45,61.139664801182164
141,78,0.7581465482566154,0.5073664025635943,5.698410346028541,62,66.11803588117144
389,57,2.7929656265829843,0.3172311780482656,4.144785315067996,53,56.355097492148374
209,60,1.3099001466197164,0.6422008352579758,5.751253312512373,16,50.48639469378991
210,78,1.9570597693325307,0.7834803559617118,1.5317511535126342,29,54.99566762065013
184,58,2.722976155560064,0.48372446084509174,3.9034546093511424,35,54.10464546985895
74,85,0.5382425209095395,0.3307332620322104,5.058833905319567,34,63.41377876882396
375,15,2.6148744710204572,0.3812044655449405,3.2996345754016594,44,37.53979218574129
25,34,1.762747324850424,0.854490334820458,2.4919552170613724,49,49.46042589512164
86,14,2.0905525095458857,0.41411898804788194,5.916171915175324,7,35.23025841738867
107,12,0.7580420413272361,0.8197620744089817,1.2754303721816327,39,29.06705697980187
126,45,1.6801298339944775,0.4649595254449689,2.7601124014076115,2,37.882726987047796
70,24,2.0164329153405847,0.35098604347437007,5.303555639083631,35,44.5855437483815
26,39,1.4949935377304362,0.7818468477019449,5.452644105782565,29,53.36295906357533
277,42,0.7719644274545361,0.5748360235801654,5.892101558578758,14,45.781335123172
388,57,0.9858857802053839,0.22502180101984515,5.366661757454098,69,61.18302285809433
66,85,2.450542698384396,0.9679539354755189,0.780263639630769,18,52.27411511562275
132,77,0.4827303827986307,0.31820275605768594,5.613715747951185,3,47.74435273693225
212,37,2.10126898825795,0.4827255811624731,2.854919552737319,25,42.61702226025017
372,32,2.798536087634864,0.5078357079965659,4.083905531011201,53,50.81344317285303
283,70,0.4179591906562399,0.5915439194067307,2.668517280419155,0,37.74782355327773
311,15,0.7865096387678558,0.8283552178673366,4.9751744213745175,34,41.54495292187871
240,50,2.0179463221435228,0.20487222374010142,3.6675560197752133,29,43.76446028141287
178,40,0.5439780030048358,0.9459776410688598,5.150495534047024,60,55.509959308339624
95,20,1.8154959612540615,0.7167915681624091,1.5657430933642198,0,22.712796978963723
348,57,2.0416002485465348,0.9605191033191485,1.5174070211519624,1,43.36263405677315
325,32,1.8115512354737686,0.8539116299331886,2.9220724087163283,39,40.030476170062336
29,20,1.2764432872505613,0.9422705744665736,0.5261334972936429,12,29.148401357152263
291,60,2.0734775103679333,0.6808004407485424,4.31069125192942,49,60.31610830962654
52,19,1.8263066272331692,0.4858471863017399,2.1282955029440602,19,36.533699442203385
300,62,0.8983292130254074,0.554331250490883,3.5651464041794743,39,54.246319713942725
333,18,1.7515253046042636,0.7264258483072903,0.8850195825346578,2,21.28485267640428
69,41,2.516577321133426,0.541545487813069,1.4385439766048167,48,51.20271940123034
184,73,2.00039988565708,0.7853382267742315,3.9257254351206305,36,57.33259981030285
67,24,1.5322996177452333,0.2734784128640237,2.181144449110737,0,26.578907357450348
235,70,1.1718018468866829,0.8639893191879111,1.6809706842209855,18,49.415040862426274
372,66,0.6061269026501749,0.36335091171360334,1.7586557544427235,4,35.59336160244165
50,81,0.9871051186216688,0.955158087619778,1.681506505990225,3,53.03338185298331
171,19,0.42684820740850454,0.32443663994981436,3.925680221868015,48,37.14551344522637
389,65,2.7679022020599144,0.30333135688191826,1.4223016795820143,29,48.7241507649541
134,84,0.9339574051089758,0.8495008884699142,2.4948849754893967,56,60.620104588448385
70,69,2.3557022624448942,0.8549614621624115,4.283377760763988,18,59.04332112826346
205,20,0.8047477163319487,0.791007535904998,3.3251908154120784,50,41.45482030138618
213,74,1.0806427590533774,0.9684243711237637,3.7850447892651613,43,65.45363555143052
271,14,1.4038655661480801,0.41643170294833287,1.8799883870506169,46,33.43664663732654
139,55,1.1785735939398523,0.8613189911922301,5.629931802408631,57,66.85054723454756
383,47,2.3160419506236667,0.4816324240347367,2.7763358657398456,49,51.64262269235011
217,50,2.6984641792370154,0.6299189004554726,2.0783016513678403,52,52.148529157297354
128,49,2.500706760762036,0.556480023761063,5.473794012321598,51,61.315010676180435
384,7,0.7685868806746157,0.2046800181388858,4.104092883954129,31,31.49861491059797
371,48,2.2640528232382966,0.6595697548313262,3.8767022472614774,50,56.35316862727693
209,84,0.7550725919313075,0.7980047102111625,5.377040586913925,58,66.49401873299308
29,42,2.592114655749043,0.339641906860217,0.8219715744926143,51,45.39129029798066
246,28,1.6429085816045883,0.94532468951443,5.107237316041692,42,53.78085321412996
230,89,1.2073146113360962,0.6243196315348031,4.228254003678055,5,52.460653539057766
76,13,0.7768611936020627,0.3425968025208748,2.4799603712907112,30,32.10647677330245
260,46,0.4283418116296111,0.7167580567335083,1.909932383881206,4,35.624421344820306
339,48,0.9950727799861234,0.35353816681227523,1.076432449348567,7,29.432905641295704
60,45,2.5936481518751484,0.2508266786362692,5.675907936356795,25,46.15228421488373
294,83,2.313429261453346,0.7482521939353939,1.280516568312449,32,55.31332624497818
73,40,2.7275048986017265,0.2885559066443956,1.9269119465198634,36,48.074551499342654
304,87,0.6418276506912953,0.2849739587011483,4.301089487632084,63,65.26209890876092
179,10,1.8212289844136067,0.7919548505454508,4.40583840837296,53,42.37878106101505
22,67,1.0171611376738638,0.24416178656645693,1.3842278753142667,29,46.12287889613894
387,55,1.7030600938537779,0.8478153432383637,4.977721384210952,23,56.44320323836407
83,25,1.1690917253522923,0.8369190069182622,3.3065799804699934,49,45.36733733655157
246,24,1.080317320584058,0.3131147424622128,5.1665117296331,19,34.67756023969002
88,66,1.7772287248590342,0.6147045178215751,0.9800696441614949,61,60.307859259621765
374,59,0.8399635884868968,0.2773003927751539,0.7355649950152932,54,47.9266355052423
300,56,1.5259202487330805,0.7060569758287898,4.003447098218924,47,54.21853288353592
325,9,1.9619494361056833,0.2503440103764373,1.3251308841039926,17,18.82330050579548
184,55,0.7076369756387297,0.9555846850581979,3.3872197515331495,43,57.049690670177206
197,88,2.6334262501045695,0.36618458829566536,0.5775981760647979,57,61.09870210021766
261,6,1.6137392786898994,0.746315724758916,4.789610933015101,5,25.849781644990074
318,44,2.366867132522421,0.3026331395016881,5.447415935981758,12,39.753493147025225
341,47,1.9693730334905521,0.3676771586614212,5.113855190803584,36,48.19466849791464
26,81,2.104002258934109,0.5607597191066965,5.7709404723273,25,64.672301389049
272,29,2.1187142583828114,0.658476913073213,5.467026650623343,49,46.833113625516134
61,45,2.500239752947534,0.9990905923133464,2.9420991005970087,28,48.52918187484029
129,65,1.8726530441126177,0.2207409824727553,2.6909151464400565,69,56.74666029241165
335,10,1.067721164131335,0.20025153571526957,5.429010173843487,20,30.13985836266349
115,73,0.6388231428770972,0.4802936757719584,5.5981633744647485,25,61.01006145022157
322,74,1.8550014866803397,0.4929250942419359,5.8505977157492035,0,52.38825208620839
195,66,0.5592467290493945,0.9070697888789054,4.725744791635305,17,52.972162202487326
108,60,0.9791042840548725,0.9300660381578416,1.6109385646775918,16,45.44843385683176
147,68,0.5456972430445881,0.9044199810874551,5.697247748608973,53,65.95964907057964
221,71,1.717330213615761,0.31454300038883826,5.709278067489207,23,57.32838746625328
310,81,0.7848114998628832,0.5296838681448588,4.1637225015213435,14,54.295817025167175
250,41,1.8649775666403356,0.7967081298360186,5.215041464922166,21,48.703053799862296
374,43,2.2980763140718423,0.45008885422739314,3.5864703164017375,39,54.8146336283139
349,59,2.3725137298524697,0.730590422808441,5.692698199764475,54,67.76010341712826
306,21,1.1429044195303057,0.38971429055287365,1.0166501812565016,68,36.59711991622841
249,77,1.7174908784667906,0.45873540636864646,5.251800330666239,3,53.83579082751223
130,70,1.7512258242072614,0.8883437194787871,0.8052699597042664,58,56.47696098175413
176,58,1.5349292371699996,0.4004072288711961,2.365088787199113,27,46.054682950458584
65,30,1.9722733394194356,0.9714592695078903,1.2442910343839406,56,44.760254844961224
162,34,0.9042090971764806,0.44500764874947757,3.1352430085460172,2,27.938800290443318
372,41,2.7501837750083062,0.2188224878586219,1.7773538689585848,43,43.503475520435025
181,61,0.6353915850182379,0.4039207230420564,5.736398086336984,65,65.96219899872783
63,71,2.390130738887486,0.33696395379474064,3.5762673350937524,2,49.993708146869686
267,62,1.8258303686828508,0.6054615729740398,5.437519049670486,55,66.26200899442274
385,84,0.9876513932649182,0.290172853062288,2.02932157978133,8,46.89209210526925
349,86,2.1896200015847196,0.7008391017963278,0.6428765797060845,68,66.07688006496731
124,64,0.6027541496249726,0.8999192564451957,4.766102520261569,52,61.35029426411694
192,36,2.2586028026770792,0.4900151054429886,4.363077129845845,63,56.41081078749075
221,55,1.8159645333832324,0.33479417544432355,3.500204051208065,62,59.03719486145333
114,41,0.6658007641513639,0.5200199966275304,4.9843850135106695,22,43.43178465225869
122,58,0.5908133514216886,0.8287734571605017,5.1204640495647284,29,54.03688343788848
109,74,2.2020072002475097,0.6731901392636765,3.733468194099956,48,67.33791415874225
397,36,1.1030461756092091,0.28091457066208253,5.812602855196653,12,39.81370965517536
303,47,2.5343244418413122,0.6297497234616267,4.4584157118953005,21,48.579910600391365
339,8,2.2289752504724225,0.5744683051644746,4.222814568894458,6,30.142737236366777
330,67,2.0756565873225186,0.4616898048169292,2.4878198590725495,62,59.44557920592043
384,46,1.0686545263202822,0.28812847684265863,0.5124221823000421,17,29.462874849431472
60,44,2.101466845651883,0.9848895484962199,1.825184706417979,28,48.30207718924501
355,50,2.6755544428356015,0.3408346559146045,4.701562787480464,31,50.550112016023576
45,23,0.6197436024893654,0.3541943126325964,4.404291899404457,26,43.37254428155531
200,55,1.1827903408085585,0.3164661536817887,2.320621796565518,54,51.961660786895344
245,68,0.9632134371078259,0.6561544309591505,3.9407063599614136,63,62.11415703374289
155,34,1.3438003225616,0.5549356595861603,1.5740811371022545,40,40.99364707782482
75,16,2.1815983716494713,0.3996457456212448,1.9499524559797423,58,41.30841163352644
93,37,1.5381821954209278,0.5435387064172226,5.710744516463731,7,45.26923400232717
333,21,1.769753454688591,0.7388174808493744,2.77249315114577,67,46.19560215145097
141,36,1.1539717313880216,0.42536042519890416,1.8474317686436998,8,30.622982523197187
137,58,0.7390942410090413,0.9321966208243044,3.179095357614453,4,43.374045182127766
370,14,1.0406407574505485,0.4450769897421647,2.628587338830514,1,22.553974680941423
74,68,2.4632327229807687,0.35854322465828264,4.512409705420081,17,51.66946320200112
367,24,1.8458007091681852,0.9636542774982517,5.791638585699846,58,57.07237826927043
369,81,1.3071728156733609,0.8484484880945435,3.754555834517305,21,59.22602349293267
247,67,2.2957743561654103,0.47451009987477244,3.751309528153033,55,64.60706255272038
82,28,0.5546978378917811,0.8731454809151009,2.506586222979157,29,38.66159362346451
79,52,1.0093386110137257,0.61505139932304,3.6054701258641244,7,41.44882293811052
128,14,0.9522475697376143,0.47740199860885024,2.25630876512926,33,32.525970471386174
239,13,2.764874949203733,0.8716892716313716,0.5060064087178806,16,25.69563878522887
78,86,2.0946365977426247,0.8017320534915524,5.263528950831668,20,68.47635204540398
193,73,1.88268624733253,0.4382998741144847,2.8619424703693785,36,57.60634534462939
63,18,0.411963916706735,0.685342812206379,3.206486667796982,55,46.646362876154825
225,29,0.8423440050156576,0.4955121788158378,0.959255034842605,41,35.69776777776805
28,21,1.9252991031353877,0.20084157804831052,5.104107823729656,15,37.586720401884065
289,38,1.3113263835559978,0.9694525931202236,1.436853887076747,50,46.76583856537797
41,29,2.618272920829746,0.6397032608582693,2.7584163733137377,48,50.126582145771195
94,32,2.2353381259402187,0.6787460813326265,5.121460508851348,16,42.2362474771784
86,49,1.473721774729888,0.6799131405418359,3.017806171174357,59,58.81926703936834
335,21,2.198835946091849,0.6405131686555223,5.6213378450655505,59,53.775821668122504
40,80,2.7409703771829315,0.4320382758188748,1.6512286688137934,42,58.86358630711918
183,66,1.5063539792835297,0.9772608999264449,4.433780564751242,20,60.50979041512769
244,69,1.94206213093248,0.6973347300122279,5.878991879589501,24,60.2340099276816
216,19,2.6047950761471084,0.7367370884431692,3.5228750047117097,30,37.07282629348604
278,65,0.9968191888868159,0.5638342058536399,4.307011442541961,13,46.66875858923893
325,76,2.5277389927990677,0.43028912039262607,2.6627466278055465,21,56.06371327280287
169,19,0.6341072962551584,0.2514791857399435,4.632355368490079,9,33.59231692381606
334,68,1.9562756094103517,0.480184157254309,5.49880731088051,10,55.47359234450382
140,35,2.278811572133882,0.34087794341471367,4.36680561877791,52,53.02460901727867
394,71,1.8750549262058227,0.7296706146056096,5.647607912595386,8,58.82785751980315
211,45,1.5892835299661034,0.9032031078421756,3.737589585957703,32,50.9842011174019
299,73,1.8816330398216463,0.4422038865965219,3.674255922480296,30,56.10391678347745
352,17,0.763992901070667,0.46630610033123726,2.175450634600354,3,23.91707364743512
321,38,0.917369704792524,0.7362916030632094,4.402951201400822,58,55.297160706024115
343,28,1.0477584254952208,0.3194171473929891,5.350738869658854,68,49.96386307656294
223,26,1.8346704175120916,0.9435499413421593,4.054739243709122,44,49.70932618548319
36,31,1.4605625769881692,0.49107742482038647,1.7817157132922063,46,47.47400215102505
207,37,0.9867420219660149,0.28095955674141976,3.492600130969276,16,34.80986112844151
88,15,2.518742397146992,0.33974720393651325,4.657655793232783,59,45.772607568102416
357,65,1.2974124167037362,0.9461968608059665,5.666498231800141,54,68.60562701951446
109,51,1.470476126151739,0.397695430695216,1.3612782723630468,30,39.05631999286974
106,75,1.383282583717587,0.7298150430650292,1.2012340003160833,49,53.37437497596585
114,64,0.8366630926642064,0.3249321788306121,2.7711894162809827,66,59.945188227821184
264,17,2.15590483703256,0.3552813538790222,1.1908614320443598,42,31.46029564468261
237,10,1.4762998294452592,0.903390575119982,5.892359018778151,13,37.25317857526722
380,40,0.4390170637425243,0.3184265760820495,2.8336740200540755,23,34.49572905904899
178,45,2.713632885663513,0.21500046938902334,3.434857854873477,12,42.601074858467214
127,25,2.3578326678289927,0.6009865516210211,1.748982797110242,23,36.0478818793565
38,71,2.136542449820328,0.8901814506103478,2.9701936794531107,62,69.16595408561307
22,54,2.4858204892444693,0.4607928363324998,5.915816641736709,13,52.451014181901186
161,68,2.5763374086533206,0.3025298165165684,3.1877793325183323,62,60.471034595117146
371,14,1.2099752953226528,0.9857846636525103,0.5485315919246742,19,28.57383590231308
219,74,1.8663008282000768,0.7413909035915307,1.8339014163784682,34,55.13750697243374
359,22,1.8611387420934262,0.8805525055585253,5.881501567631773,36,48.59124506322503
58,43,1.0415192051454327,0.801710617863139,5.939871323759029,8,48.878200029170564
55,42,0.9326854034729612,0.7585938191913522,1.6577119937443812,12,39.928151752484176
336,74,0.673377411565653,0.5076512537047362,3.883952483141194,21,51.91234819499881
60,28,1.9823540701994866,0.45947199456291155,0.9229958177797795,4,29.22627245074203
39,25,2.2742055784738717,0.7735668767155792,3.67592903344546,52,49.361413057586304
173,33,2.226287150840809,0.7733704065417841,1.1925638581754057,38,47.13700191499545
371,35,1.1590609052439385,0.9604707072392746,5.002638380034618,59,55.817258292768834
281,20,0.8926236411164854,0.6549278542786579,5.667662431812344,60,50.651747914619065
57,19,1.4886740282910926,0.43569688463013884,1.4514274442721544,24,32.37776919292606
338,24,1.7123523045772253,0.591623039464382,3.044916927271532,57,44.05634602086373
340,44,2.6058091071245335,0.6909710533807354,1.061236491610488,4,34.75636356121029
324,34,2.4995755702577296,0.54138383966153,2.3652700389013623,30,40.30336194748226
363,38,2.598539995124386,0.8329064986876387,0.8580376511828957,46,42.797076126592614
111,66,2.440629724326351,0.6676905697726703,1.9550059040958487,32,53.112491670943854
392,25,2.7149948906471466,0.20754858210212046,5.946230168991159,51,45.423674577863956
141,82,1.5171999932057378,0.6558719105856068,0.7453179702677102,60,65.0509372594588
324,68,0.5139363938394265,0.7068830287534889,5.224325812902689,29,58.896832998018326
240,19,0.6005488771563477,0.9322090012352566,0.9259891776475767,19,29.88754332763349
316,31,1.3366627402536235,0.5309773389313508,3.4094831211454806,40,38.1514028351536
258,20,1.0184490190551934,0.6595741274170868,2.9866588583504012,60,41.72491377998804
264,28,0.8078574192665615,0.5799979605714991,5.623550630113547,69,58.03636539683406
254,36,2.6876890588207565,0.6253251427751083,1.5947742425679927,57,58.07814311848477
316,16,0.8690070121854939,0.2538432565351972,1.4882510845879933,17,25.789239176595625
300,6,2.702510253556554,0.9178269340264813,4.617927487123078,14,37.823224639061955
71,42,2.226013216770897,0.9283298718653006,4.491457102051946,40,57.07870602645801
333,64,1.9382696131005361,0.6384476878741061,4.3454997377103926,28,52.900697005511425
223,30,2.022445504214508,0.6452444125767565,0.6436991389480939,42,40.48216246985961
142,78,1.1955383767818977,0.24604482875516365,1.9297782769869976,64,56.53477747235147
215,36,1.9514248913398773,0.6783604104958054,5.119423478198646,38,47.290724076273115
387,81,0.8480610838750368,0.5433214319033299,3.8047196680122495,24,52.542717978587774
345,25,2.6504930380863505,0.7672349041875499,3.812072064026999,60,53.81187093047108
336,50,1.1243040159054245,0.23769993327645791,2.1275413297264643,30,40.11951484847706
195,69,1.0124476295045013,0.7687101461835919,1.9309519870632132,42,54.34596719308761
317,10,2.106790715665978,0.42951505906585113,5.706051884100401,9,32.68972115788279
166,84,1.9754769233588365,0.7213642643624865,4.502654033692667,35,62.32979844036314
280,36,1.4831174040239326,0.7017007802496984,1.1977636479101066,29,35.67164981409728
263,47,1.917870963257887,0.38147318770578603,5.657388181790701,8,42.9770947682065
114,58,0.7827833722260548,0.5523618761730134,3.7030358349993016,14,41.068496986912365
121,59,2.015987937764692,0.8685066072426597,2.333493018263985,49,54.95429175694814
43,7,1.0494656684684653,0.6844733148758191,2.684266955197791,12,25.94446262669158
73,78,1.0548063440234976,0.2549906415827292,4.4897248069394,9,53.17457296221147
184,58,0.7892318438650829,0.5543270650566638,2.56949958427346,4,40.6285739925395
201,89,1.197705124086795,0.44941716702233364,3.6830963951523383,1,48.37955832432719
82,45,1.1950025447471875,0.7133165431293063,4.407747231566226,30,48.72198386543961
178,57,1.4900296280854461,0.6916511530362086,1.5745624851828048,34,51.60764404761035
249,42,0.8570068111992388,0.20831848120811244,5.693328174334021,43,46.83473254206691
108,80,0.8632180867810392,0.6861564075347704,2.458950242894754,40,58.80009217197597
148,75,1.700172571991748,0.7878797231879495,2.806561163923029,37,58.6474960214975
159,82,0.7093057712091404,0.8149840259212604,4.3418290232730135,69,74.81090606129197
211,47,2.0533528191732042,0.24718061631196894,3.8483179916327024,17,42.36653239563877
159,72,2.6654731020702314,0.4429267336878952,2.9206591031654856,49,58.70613788317786
300,35,1.4243094919945078,0.537018848441219,4.0735812216543525,5,36.129280655158574
144,44,2.562652751561624,0.34381736623592946,5.465555691646245,59,58.322536654816275
184,69,0.6359598187020746,0.5365870969320079,4.901559891549802,25,53.880379770753244
164,11,0.503098305701547,0.2569036286604739,5.033424554751255,24,27.945040542444907
89,65,2.1312853060332158,0.2905738264056413,1.9212462471202212,9,45.147028212103024
280,6,2.2264517751555917,0.7349558102747356,2.8067184211370066,35,36.837617605118645
109,54,2.423339778317803,0.410057968928124,3.5460052790973258,27,45.56204496742977
132,45,0.5363624281599554,0.769124677983658,0.7430495053881561,68,48.39882181656002
321,44,2.264576931896393,0.2384868224133344,4.733856992075285,12,41.135304774729526
380,47,1.3036929587117962,0.6501624424348023,2.279048834282989,29,40.24935317083556
274,46,1.1280103184372767,0.5131589308694722,2.0542784292255787,63,45.600974889235886
368,39,0.8152574112239126,0.8375771135323722,1.926106051458805,56,46.05565230409438
344,43,2.790437812246065,0.8271612641644495,2.058585959810354,53,51.19911785633865
202,53,0.5527926143652727,0.5004477139660066,2.3590815768680775,36,41.1734528833287
312,69,2.3848192350591986,0.6981712112701715,3.826535069418876,61,66.4659120026639
144,51,1.9347866451772662,0.3820390950555905,3.7096092704503474,15,45.961112203708325
194,59,2.164193066228481,0.6643254689443362,1.9064146448103145,56,57.74364098267708
223,76,2.1081210878123113,0.265011755158018,1.6353335211526412,40,52.61883754689011
384,89,2.460242764175638,0.5476834272948881,5.044970045392462,24,59.96514197970086
342,14,0.8411009676546599,0.3461821452304873,1.009978357220016,15,22.87073172093519
205,65,0.4019790804032449,0.9067049456732181,3.320525626605101,36,54.92784887212234
267,24,1.836468373703839,0.5559206543734654,3.3630848080410187,0,30.89955842798896
96,21,1.2492607343760014,0.672618998910028,3.6577524374639188,50,48.54056890702812
325,72,0.6970895946811304,0.4883054882640083,5.3710756374892465,16,51.45101794056659
230,10,0.8467330098501733,0.4309928281918423,3.931526670521222,27,23.889335300858924
222,77,1.196198349902135,0.3623358264492269,5.854985714364128,13,52.8268393960282
311,70,0.5685600901280877,0.9294972661336158,5.292441958418001,32,61.83035249108085
260,89,0.536591685108282,0.8395726259415621,1.6810714271796634,25,55.52222567601744
47,61,2.598463011597866,0.3066089155448247,1.8265082062391564,13,41.98058939460836
129,79,1.149046598448871,0.7973799010334386,2.396257747533438,62,61.297363946884715
87,15,2.7573536739366036,0.5348246216293226,2.6533292829407222,53,41.12604656474345
299,80,2.7144808199929598,0.2123173239684559,3.541473161692325,27,52.98920895924551
33,18,0.7421710775850732,0.6226938563009776,1.7788194809298636,4,28.817437966172417
96,31,2.1158183269508584,0.3040371520678929,1.7228984961257112,59,42.281467799837245
247,15,1.841931733904966,0.36794745047487576,2.5976447655244375,48,35.05934765304719
284,39,2.0575529754523685,0.7568327691392744,4.196127122670136,38,48.02130069286592
211,68,0.6308584000347395,0.4057136297129569,4.284690872029036,42,56.51364496914674
347,27,0.8525441887229392,0.9135105614734533,5.8686420702215925,0,38.527547547179715
369,74,0.5839327874821156,0.725735806739336,1.6132848865699772,33,51.897938765833594
70,56,1.8499220925209707,0.8658267879286472,2.660725335213394,13,47.83152441147926
381,58,2.7678185820378185,0.6921516306641473,5.805726238664833,45,63.099189063483635
253,84,2.0127628903790593,0.8950796728176127,4.295048084660537,65,71.98594417463812
261,41,2.105827684052631,0.4893477400177202,3.757531886521105,37,45.227825020919965
56,34,2.7630040997038745,0.6393124615084638,3.468053282707408,42,49.39100924621009
256,89,2.027227730012311,0.6127123203554669,0.915307090749411,46,65.33832045913796
295,52,0.4964357743083288,0.9230325664623764,5.413555948487507,65,60.301160278861936
240,57,2.480813442055834,0.33193232688689084,3.9402786847830917,2,41.60014442790458
52,30,1.275227896909111,0.6624486105493539,3.6441707436041875,21,41.5423179133926
218,23,0.4104726916353169,0.8035449553815843,3.4672518882701344,18,33.56878080318114
375,19,1.6173620261459694,0.4960398084269283,2.6555281402661146,50,42.10133422295126
294,24,2.6488360021030326,0.8940652196927812,1.90065580248491,31,38.42785385112921
72,21,1.0175936492679596,0.4984118136621873,4.654270919339663,54,46.26749278528356
384,68,1.5796316153268157,0.33864700791673286,3.3026213476891417,33,54.05496112814414
384,9,0.8170645306777378,0.6672386843240254,0.6866674275907116,68,40.57569269824687
84,58,0.5384624119994562,0.53645440802985,2.695019748746898,53,56.88539011659081
324,85,0.5933078721114716,0.21215208374560365,5.607320010225579,1,51.57791219692937
174,70,2.144826174307253,0.2558708739948026,2.556420088474746,69,61.12285423456474
245,39,2.4737787297811575,0.356221744165272,2.7727815435906553,66,51.65943850994805
189,10,0.7439172142059787,0.8154639676145219,3.931786176802696,3,27.8074586734574
317,75,1.0919645627451249,0.9136316128269988,4.9092114209873525,27,58.69606318856956
398,5,0.8680707223475855,0.636512699211378,4.176536147375916,67,45.26571010910075
322,62,0.4644538646234271,0.2844523700112988,5.175301021176206,58,59.64863747366569
373,62,1.7282352877287606,0.6275351617934768,1.1268382287238405,32,46.80982749292764
379,21,2.079813208330354,0.8844843684775561,5.585259043252568,38,45.03706507378761
54,67,1.9549059541241691,0.7995821032980717,5.471570628262623,2,55.91992068734021
116,19,1.3313285135253943,0.43287853095789997,3.355317226220733,39,32.301121144987675
294,24,1.7320245902557727,0.2991124874306863,3.9360823078296057,46,40.32618281511466
244,74,0.6258383359269393,0.9205453598097944,1.6704717761077095,25,49.61957973712302
39,88,0.7703289249344427,0.8832709973057689,2.963710908897639,21,62.36116079694417
56,27,2.63630708692716,0.24297229211618065,1.6148684850589679,57,48.59741351446708
217,83,2.2276185947677525,0.8589395918596514,0.6208717341756074,31,57.02264800099161
254,82,2.6145738299804013,0.2777701102279516,5.894966874698789,18,64.16570119923831
83,70,2.600032682798481,0.2506269067216296,1.925305836406128,26,51.036682559945376
85,16,1.9585422810585777,0.8068807177170076,3.762095698938094,34,43.621735178064284
69,30,2.6277727554691963,0.6290484975399664,2.151377109458247,18,42.49816434493765
234,62,1.4000898473979118,0.5316384192722552,2.538418911157392,39,49.175543486268246
22,89,0.4086789874838583,0.9230897567808176,2.6876885722025112,60,70.93834545528541
237,74,0.5501706780307825,0.871442857654203,2.3427570222861673,51,61.10649131742486
200,40,0.6627695816819565,0.24609877723764528,4.005698676369647,16,36.76987540931601
197,24,0.6288482876388646,0.692869793552938,5.785149487687334,33,44.67507846418567
278,86,1.2440857380406323,0.8178139225659666,2.857490575034282,38,61.452831877601156
218,28,2.0830499370624582,0.6403924638199616,5.853296982298458,47,50.29542149236645
296,34,2.297557135841188,0.9864043992609506,4.172884805396308,52,58.46416392366055
310,86,1.8165118584270994,0.7488380037180387,3.8392490726155497,33,60.82331427376119
369,52,0.7514468189367509,0.28331441015762027,1.8040711848940765,22,39.346935370764974
323,27,2.1949638451556206,0.3586384095999628,0.8460638824465945,46,37.75509182332242
216,5,1.2515246059302374,0.8609964969595696,5.185641236605059,8,27.577784362417813
207,41,0.431184036812311,0.99740533851544,3.6568958516934793,47,48.82936544789312
109,88,1.0734126892785985,0.2786714134979118,2.7792762433368505,62,62.75231406140119
247,41,1.1934413299383468,0.2802634542760387,4.965820271486659,49,51.42644471724348
72,64,1.058189284523447,0.8107096433146268,2.2081921041752532,30,50.87866517592828
373,26,2.3484883676502055,0.25148342537323165,4.80989490780468,57,48.235650930427525
341,70,2.2238233542258166,0.254848092851878,2.3038010947318837,37,48.14447517121532
65,70,2.0693248729903395,0.91105318640773,5.5648465252229,37,73.15563246069385
318,56,0.7336121884294367,0.8403598498547609,1.9738178095124141,59,54.69609423356823
64,70,2.3388013832950767,0.9052505598915059,1.2565476466601413,13,51.59334360890165
294,54,2.025222307991977,0.720410721706203,4.339531895921765,54,58.28615730727964
53,37,0.8676104475553406,0.45802913755108676,1.3956598918562393,47,41.24252788675482
205,67,1.9554254326756393,0.9250505522662329,5.7214967765894205,37,69.27814905193651
269,75,1.5604279384088344,0.43897881997954546,4.105553118138763,5,44.66216903679237
296,76,1.4544401484549403,0.4204086715638795,1.7697336370648928,53,57.75241773925104
179,23,0.6690955923337332,0.909120335354217,1.6485041385698582,15,27.274395535366473
370,62,1.6439302620283969,0.7446580739945663,5.581312715162318,62,66.2894470025182
314,5,0.6398363415336727,0.9165376677673942,3.8432185206744,55,39.10508572328441
99,53,0.7942081294102399,0.32472103140317793,5.415548036698292,25,45.87362928306305
275,53,0.7181111542594305,0.9618374382125052,1.1062386266520385,30,44.272419193369174
297,35,2.6898598697680183,0.6901937253602617,5.589657075685469,1,35.79246425209317
146,89,1.083675257065336,0.7344280352747421,3.3602712159674857,34,61.47521059767489
300,80,1.2524903766304185,0.9312484642611614,4.176320539822427,4,54.50517103533575
361,8,1.1729934551104866,0.5046023797557029,2.5508150934770435,69,36.49935481479992
330,22,2.5558010684275447,0.7756599957566899,0.8252717710320441,44,42.05977811830501
309,22,1.7511181872037325,0.7122724968995873,5.76884842738006,16,39.32230409207008
261,81,2.605983757439948,0.8302021750927682,5.970290810096651,56,75.10950567075997
122,49,1.1198197739869493,0.9175542334666458,2.5050076681824365,1,37.02685783831233
322,66,0.6756032186366775,0.7440486843440757,5.691273613635888,38,60.304768343483914
158,73,1.734924286538019,0.25411164360245153,1.4224946002886032,7,44.619409420875904
222,70,1.229288780296042,0.3465122766798242,1.3507644731221653,3,45.05752484892548
139,12,2.324576400377796,0.9631825458136674,0.9021151200504431,17,30.45067496947396
138,16,2.5106161813879804,0.974920378701781,2.651981741712829,20,38.355871117175006
79,38,1.5341764261769724,0.97393065095869,0.7876623759987955,50,50.8601527439571
385,33,2.73126165780522,0.2294395203200944,2.6706145428709323,62,48.07522095586368
76,68,1.727231215226574,0.5059585343595346,1.2611473575731753,54,59.84815930742648
52,18,1.0502089441271498,0.8077381631903968,4.517902875651266,51,50.491910506651415
375,36,1.5735412368262587,0.8023086429262647,5.083494571350244,39,51.24070251781506
230,25,0.48954470176702625,0.26872712395996684,4.282984852879585,25,35.498675735168
186,21,2.329602784631362,0.6875911096716152,1.6027178383988572,17,26.601061632122764
300,19,0.6434441220506103,0.314295694832686,4.717665060993756,66,46.4841736293687
165,21,1.1409963724072119,0.5945674662942346,1.8722510836830124,36,30.358875841925766
68,52,1.756759712811864,0.3917485606728972,4.677187283326901,39,50.16182557807046
297,39,0.5031403015525573,0.24252893738778214,3.62068666193015,1,31.431061887979187
86,41,0.5903605580354758,0.26401554042128766,2.5169188396016535,32,35.96388170904879
230,45,2.070679258271231,0.9287143597839267,0.9592080790883173,47,47.911530542513944
380,67,0.572265023345845,0.7957167713612272,5.051302303938642,34,58.73801165681422
375,78,1.5449988789937037,0.9454591854183605,5.668091064390239,43,69.78525272126316
157,49,1.212869520209801,0.5759919458668421,4.162547790003506,56,53.05516263364931
316,59,0.9473905790953995,0.5306339991622435,5.804978616813914,1,48.904844533488564
252,67,0.853069354872797,0.48672583400167646,5.637612804736451,63,65.63363834846122
202,63,2.2321871049581907,0.693045676841672,1.570346204420645,57,57.947379753558465
73,16,2.683701263560678,0.4812475095770669,4.521667917290174,29,37.57433686417224
163,88,0.7364313812879961,0.797018587185605,2.4211765069073197,53,64.34735685267435
267,19,2.7032349260179047,0.8410538609726899,3.181345483110943,4,35.48138060105275
394,40,1.827430008340249,0.900675674743505,1.3633098713186516,21,41.65883600815063
21,60,1.9399849728718168,0.39424074419622185,5.861286854317089,7,52.203004705318904
292,39,2.1038233075421964,0.6216176394339004,4.493755606920247,44,49.9111254296276
341,25,2.0898853368509944,0.3787556933838711,1.9679957029703248,59,39.69948943236096
381,83,2.367546659645652,0.23004465873627292,2.5430942959241842,42,56.743667030778745
181,11,1.5603247632344739,0.7662602433358703,2.823656097558314,49,35.45326803430641
65,25,1.6800606100352828,0.6391850191480997,4.611435482791121,10,38.29033078677897
122,89,1.177184805912198,0.779141823642467,5.591334967232715,65,78.65282156514182
343,67,0.652618225079481,0.2700983291252297,2.2679207314151437,13,39.26771827174268
353,12,1.9951364582229258,0.9964209432495537,3.0987504855423076,36,38.86118414962531
262,69,0.48066392604700225,0.9954788535576256,3.762641650590856,47,60.492123429523176
66,87,1.0615241226000838,0.5719998604028103,2.6633919582017356,59,70.07901895860392
66,13,0.6261516746706406,0.8928469721470689,3.272997278511269,65,45.15978588192436
201,40,0.8577451775745233,0.3948548446444455,1.081391959610561,41,36.6456471290112
243,44,1.9329541909537138,0.7900529289786375,1.4222091324609134,40,43.23523745045649
32,16,1.9083439124918038,0.9033806854508526,2.706056914710797,29,37.83512335539827
280,22,1.410531791189709,0.8517330128646228,5.532164564738038,39,48.552061723953294
226,19,0.6164127435747788,0.849419262592926,2.421469251595485,47,38.855502808636984
24,20,1.44009739950258,0.5704213056710921,1.873860447327575,45,41.42243218518612
56,39,1.2465876924599042,0.8559919582230182,4.585742214671018,41,56.94074791848953
192,44,2.129101966854279,0.7525638504170404,5.720215913421351,30,56.6599178672556
294,25,1.7896638596777241,0.3059611185153635,3.025179893849511,13,26.659428419837262
333,29,1.5797578416087976,0.2913475232516161,0.547327255619507,3,24.297922884322258
183,21,1.5687569975319886,0.817537708747712,4.284821323115899,29,41.51900374198086
132,72,2.719112529425005,0.7003712710183392,2.782834408888797,27,54.41066688097804
387,22,2.215106132088281,0.6155008937531019,4.205050451389184,42,45.01078398070309
194,82,1.592750945104307,0.9258094326790627,2.0274408370606194,63,62.82897588355937
139,50,1.5501342709335462,0.7276722854969748,0.5132447909932933,49,50.1351739488289
188,73,0.4635498431319123,0.5169173960706401,2.3947292031008205,56,58.7323708346697
24,59,2.6620222319675357,0.5311454465409471,4.376357884371179,40,59.49427666198591
134,27,1.166017532241591,0.684195488654068,2.662123056550541,64,45.47627529842198
215,56,1.014253796513785,0.8082202277490789,1.7054577680927427,65,51.50130700095524
369,28,2.798581420930411,0.6514826455592992,3.0520377527375584,10,35.020250302182035
300,15,2.1248552116108588,0.6070087057753437,4.6379168781411195,44,41.942275632241305
316,26,0.5136730559182912,0.7815205621233454,1.156881977357683,35,31.046965254286167
227,28,0.5485251448613835,0.7642116399256291,4.304636185056563,68,54.02649024703419
62,16,0.4612037535044749,0.8642774724908489,4.1703921309217105,40,45.874498574020734
168,7,1.8390853588308858,0.25004142902183557,2.539058338267892,1,19.444950413139733
398,85,0.5717548001486843,0.8039617056655832,5.83684905258722,14,60.36083856277722
36,48,2.6401320564278334,0.611008360761352,5.4208791471419335,9,52.745468141225906
354,39,2.6485756960544267,0.2597544960265215,2.2388881444113844,14,35.09347242391426
280,84,1.7105297601953913,0.7432080225356159,0.671001013666137,6,44.44827625349182
127,24,1.879933435350282,0.7732321552015542,2.1956764370979216,54,42.33384962912037
315,39,1.1005465636605996,0.6189017356357476,1.625970683975738,34,38.73548526056221
338,76,0.553534101779856,0.8350391821198102,3.50988552726176,47,62.24937473556827
36,58,2.1699050684603574,0.4401984869034412,5.55309431650185,69,70.0135938478537
60,38,0.6442863729976419,0.3615257748251489,5.286856305206368,45,51.275748770393236
272,26,0.6053383384441435,0.4805871613946228,2.182060356156547,33,30.157680813235316
399,7,1.146935462090137,0.528040410636782,2.8572864345560034,18,27.84908776877722
29,12,0.429917583610917,0.7567468819217351,0.7009820949376155,52,36.98719509419972
272,18,1.4416854778151582,0.8764159503025821,3.492899292070322,35,46.25859030319043
71,71,2.0984341841921843,0.7767345520629412,0.8485238902790087,52,57.68164902433742
267,59,2.3232374354126533,0.33919004725568125,5.662333914260048,1,47.959423808839624
256,41,1.850337529117411,0.4929736678402059,5.268136091687498,11,50.19427186379309
54,71,2.43249808747339,0.32673097075822244,1.6780319454062664,9,46.96601874617061
278,18,1.3756052890410646,0.7493793596464411,4.34652773924125,47,44.00305707718176
360,22,2.437053004145144,0.39853750257351533,3.624112103383332,36,37.14723970091784
348,38,1.6155359451961102,0.6203095462814774,4.907467418839007,22,48.72993030986553
31,82,0.9352867071959088,0.8334638745557474,3.1160865871333594,21,57.38042150906847
113,57,2.665949551985118,0.7367514199372922,1.554745838661779,42,52.725763151814945
111,77,1.0599300972090795,0.4386991925321062,4.019138700675574,67,65.21077575991724
192,26,0.46288356205070347,0.4662934004930727,0.9415417984776975,69,40.097198155631574
74,77,0.9824177030920647,0.7226914292824256,3.7152339514263213,33,56.38948322150699
344,11,1.2800501470178265,0.6395741994719553,1.6698764300545168,46,37.00298008961473
315,24,1.2432392398942338,0.27711478997603556,4.267150404179581,5,29.36668909225918
327,49,1.659202022664572,0.8991932714188369,5.054237389504597,66,60.85757577438525
95,9,2.519504516886216,0.6100905984429029,1.1023860110513986,1,24.33856973738859
25,77,1.1016117450632779,0.5786888105579724,2.701477036817258,23,55.285106590306555
366,78,1.6498494591020054,0.35875146930580987,4.534368732767982,50,64.49155657672975
129,51,1.2163334888523505,0.5015950551764299,1.4003668383537218,67,53.6674163001541
269,30,2.372255342495681,0.46625988985207933,3.6158801851964224,12,37.31805496966176
365,13,0.7782436318923481,0.41658854626354147,4.195114400316477,46,32.368038305189934
33,57,0.6484246439441403,0.6539252597174185,2.4513648398166024,13,47.20233291868349
22,50,1.6071886077702442,0.5698202882242256,5.075902508114305,3,48.1946338075153
22,69,2.0125302058371806,0.9113581482517339,3.308620017756926,29,60.76807693303065
79,56,2.3092604826178396,0.9530751816377288,3.9484716196728047,40,58.91629958937676
39,15,1.8150996469727594,0.3755787433824727,1.274800381876283,18,24.571517653139985
331,15,2.2572394271656013,0.28008434301376844,0.6273809599296798,68,37.782627570993824
250,71,1.342504140546217,0.8282700411901995,0.7791171395374246,43,49.88361721767017
392,18,0.4788824086395256,0.9958891229108873,5.4715608150901875,30,41.99134864412758
324,84,0.6786383389637357,0.8908800558833234,5.354533113365381,33,66.21102334740195
386,14,0.4929342429495909,0.2189579216949878,4.941752915390134,32,36.64789898016103
110,66,1.1894647611435825,0.40101084056517283,1.5978665017917344,7,37.55526206969247
129,87,1.5891792190448375,0.23467382163301115,3.390022585722268,42,64.16927497208195
342,42,1.2551619607766544,0.8566235016329333,4.878644053016053,54,58.92433455960592
113,9,1.7454387401593414,0.665125581033853,4.210680496906756,29,34.51853405711511
41,79,1.5534619563826904,0.6109748329336431,1.1353665652176568,29,52.366060848462446
274,20,2.0270627244734567,0.6435599055972221,5.425476598968331,63,48.71312314347338
324,49,2.0007091925521747,0.40196100695727294,1.3837531602787925,42,45.06671263526057
387,88,1.1633539530608308,0.6813106953110903,1.444876313773345,20,51.054158436235085
372,68,1.2309146928666197,0.224533582771224,5.455547460438895,0,49.56144256501684
65,8,1.8043547719391277,0.7168093791766716,3.1653931650198386,57,41.415391650471065
313,74,1.8314379229380204,0.7875470641430646,2.5509050427605677,43,57.056323463275966
341,18,1.1552797927291194,0.7384210109694618,3.545112082639311,43,41.142928304861904
285,68,1.1927629258610204,0.4656940146497762,5.897685330576612,19,53.254468574615906
331,57,2.065708031646753,0.8610103321020341,1.1579675038257358,13,42.54315602281779
338,29,1.953785974902567,0.7724351976939856,4.663218668356359,34,48.8755339312607
189,41,0.7241219312314593,0.3026378583394223,2.338792242342701,53,44.20589520713028
35,15,1.4585005112209442,0.35611537643065205,1.1437709896619306,20,28.56412024576988
193,88,2.5424945889054165,0.7096867305425909,2.8206334544411624,36,64.05327787801572
96,25,0.48713362265074056,0.43153290684482093,3.51814082748899,69,42.41747482196131
63,31,2.4523934715621127,0.29554635315698957,1.632789007504808,15,34.25801914423446
67,47,0.7916275769539447,0.3239751945199138,2.7289820250313137,16,39.31100279632938
285,62,1.6173967179081181,0.3324937444323205,3.996218140097598,16,49.14029958761189
211,47,1.4184074294152276,0.5822327254547057,3.670464108461222,63,57.28279881330826
225,47,0.42431040961950117,0.6859083627435979,4.477383267301678,37,49.09256640987609
303,54,2.5969526490151167,0.34112181988353196,5.100224931155707,64,64.72559479390323
228,77,1.4918205456023337,0.769997288290577,2.750271824731555,66,65.80435675035119
259,38,2.690243864225476,0.4248100860012228,2.826320015042251,29,42.55701748441614
52,75,1.088185362350123,0.4492465107151687,3.2318067395033423,3,48.048972265869125
343,71,2.4790618561983337,0.3787988968592861,3.6149435810971693,21,53.60385542951189
190,86,2.613734977589513,0.8281649087545528,1.0957747083084042,38,59.282336998251424
78,82,1.7363977992898736,0.9678510663495017,2.2194944480712575,26,63.31986524522459
329,72,0.886426690882522,0.5939998789424742,1.4454048745736334,0,45.50148604409775
299,25,2.044593837053728,0.23362451314559377,2.622190192892724,69,47.47639838613108
40,70,1.7175473596707045,0.40845545314038073,5.853447399157201,21,64.03031672052859
93,67,2.666871198046302,0.32644023289507684,3.7050202617453887,43,53.89962458830735
25,29,1.4542529483451805,0.8742098278816144,2.8615983595630046,66,51.778990384735074
122,62,1.0444327543355727,0.2678831899465641,3.6126529237303986,38,49.72471696509779
57,26,0.7318888035858571,0.9731809925507071,4.179921054849486,48,50.262318333406455
289,49,2.076720564848031,0.6708110212997008,2.892244048097205,2,38.88508227276777
218,72,2.737863085553397,0.6141918296593306,2.9624039233908794,48,57.08945579049524
392,21,0.46802504937135636,0.8778804979353494,4.357706211599398,59,50.94767411612653
304,33,2.1770688514675043,0.22203809703316493,0.8347442076313569,64,47.74840385989414
252,72,2.6246328701432,0.8217221995256077,3.4704431255858927,5,55.187554874121716
213,43,0.5794756821456384,0.29328323645481325,3.510302967197358,15,39.275529327687636
40,86,0.6644081082547195,0.8726224791523458,4.662137436206095,3,60.37386827103268
46,5,2.0606970362793007,0.6233409753902894,5.904546137851619,64,49.57152487393141
254,66,1.9551121021498918,0.24890352188807344,4.876651327327445,19,51.42783016982696
21,74,0.5651857967589897,0.8665960310410596,3.270837369577574,37,67.82446421406289
36,83,2.4026146051627753,0.22185129365700132,1.4319924878394819,33,56.04045322370858
103,18,1.6562172348277415,0.3106965543148828,3.7354353439824384,48,38.56330697476269
355,88,2.57727369600787,0.8382596190613032,5.088643876919773,62,80.41416825489445
194,38,2.5071781143824903,0.5718968990863128,5.628277350049329,22,50.83895275010944
289,34,2.3500186457203975,0.905110963483867,5.039207087217553,55,54.70173995551646
176,35,1.638157350986611,0.708343418232867,1.5393273349940992,20,35.01420909114696
85,59,1.0041055401986374,0.6988230034963264,4.419167253921323,13,47.730539897126036
161,61,1.6143412093867182,0.43378808490561194,5.340852211172138,7,48.429366874176864
54,45,0.6419473067242721,0.30694441884138685,4.245593316448364,26,47.92773268075511
312,11,1.9812307563362226,0.9689379127173461,4.271636225105183,39,40.24120937944537
89,88,0.7215453261496183,0.2838381513147161,3.250892574380933,54,66.14279933978906
163,23,1.6268151100017354,0.6232084800588541,4.003369221690278,59,48.05809045503235
392,12,0.5305167380003627,0.4180548726678242,2.1190939557266164,36,34.901611776179394
244,55,1.11882997665915,0.4113125308651638,0.9884554773215986,28,40.86826637457155
194,40,0.9569931056074907,0.6756689754422505,5.052431976099703,12,42.21455739752871
226,57,1.8880757025080093,0.8383472937430951,5.687293690653336,63,68.76950930575404
317,79,2.288288108854021,0.8217435862650231,5.2125228445731935,27,63.502180595904896
116,13,0.5375270908972627,0.8950413513548428,2.3365245457944166,53,34.318528806237715
261,29,2.4406808443729218,0.4343221903298937,1.0144158321936056,43,37.209700782481626
351,48,2.4658424678910507,0.572601105372059,2.0407611319727357,65,53.76679464512517
237,71,1.2214457782912547,0.20746765857601998,5.135594566954451,68,61.71027026483203
189,56,1.9816097583287733,0.7974860985090924,4.106979791982688,49,58.75039090778956
75,37,1.3662712760882787,0.4418744897138265,5.816818342566155,46,47.919491754418324
114,56,0.7700581172551156,0.6491948266161491,2.384745601404069,9,39.116907552917944
379,88,1.6687898045514649,0.3354402256155605,3.5330966616040334,1,51.376795200046665
225,45,0.6072632188038319,0.8555196057074628,4.845210219010253,38,52.11050643273154
134,80,2.508333172950371,0.8538177754226222,1.786955685024968,49,61.932166332748324
178,71,2.6182954225830604,0.9019623318023644,5.802494860628162,52,71.08202272766982
239,30,2.3718715288273686,0.2367495976853783,3.7581871987049817,17,33.97704723528285
224,26,1.7500674898143487,0.9939669678200109,0.5434365982580925,35,36.88447350233749
285,70,1.7382366187010918,0.39822353155175566,0.6383430159540682,60,54.554799488216496
117,22,2.7630577038422315,0.4475469488378796,5.352188090208774,6,34.28749821280615
266,33,0.9949640555948389,0.3994685833523569,4.049048402685926,26,39.8082872665533
188,25,0.5822760781724979,0.4140261586932259,4.696898854851241,66,49.19319806443215
377,56,1.7486582166428266,0.6421290848829173,4.812088005262995,13,48.46037724066669
80,30,1.1890854347442479,0.39184843544302367,2.8125287693792704,22,41.41500499797057
76,60,1.1736130547393062,0.5150170491203239,4.89236185378266,32,54.76929708379938
195,84,0.41700485000787535,0.7244852659545724,5.65642844646896,48,68.1917189933679
213,75,1.8309745829150392,0.8688209628621815,1.446941092732919,17,49.25210239238858
282,85,1.0336808854614739,0.7541932002135037,4.702750197481113,55,67.75079523165722
173,7,0.8508605156624344,0.6754582758298586,2.192856041885608,16,26.399827777068708
367,43,0.49703663534320897,0.31818285003285496,2.268211516796196,25,34.60413154083891
200,23,1.274467783541467,0.8528924812330261,2.770151680700124,40,39.29913693511129
69,83,2.5095252937274974,0.22981991039443095,5.250457359494471,0,54.16115426695183
65,65,1.2080099382336935,0.4113533305882417,0.6213083702052704,53,49.4518333347126
389,32,2.0297781042870247,0.24564713354556897,2.8865941374564517,46,37.6603782351333
70,52,2.2157127121645774,0.73394318046757,4.240262072630988,58,60.91010542955007
380,56,1.187441942056479,0.4946968660748116,1.107285020553871,19,41.21386969050296
125,47,2.3719377640288988,0.7216387865638934,4.85739478359579,27,52.0493541336977
55,45,2.0605111832006777,0.47762476744287224,5.6804642884354415,62,66.68132954958456
135,9,1.7421813488822835,0.5645925846395954,1.0001415159233822,4,21.58270794970609
253,43,0.40238191372150944,0.5663688081329448,1.3412147580698297,34,39.77137123468844
182,34,0.4842178382147395,0.2364645229340357,5.857534737204116,33,48.37199995336791
318,74,2.778078025854552,0.5441812210768029,1.5882060243215788,31,52.933731898986935
252,78,2.277481416408542,0.7128514904921621,0.9341682163676246,30,53.35181394340019
172,68,2.6501566210550727,0.636841796860347,5.737058950177451,52,67.85742351250536
261,7,2.5655276918032657,0.26022701302262985,5.409424903952079,13,35.302908543777306
389,76,0.449063159542602,0.7344447885493992,4.106490100032222,62,66.28360793107485
176,38,2.3004334954985772,0.4470902039322088,3.532870100081543,62,50.812528840332305
78,40,1.4827497856267708,0.21154784222321768,5.555779829665237,12,43.50574469209576
175,85,2.2949396896015735,0.3244764456673962,4.105360413112825,68,68.9016927345952
339,78,0.41611788199212435,0.5980477258532476,4.121181626232884,18,54.80905070445545
102,9,1.0916783228813542,0.44832132722405493,5.140270603110741,3,28.651031105722346
380,35,2.203177061899125,0.7555064110028407,4.092851225108315,27,44.95614459819712
243,68,2.3032498926438154,0.3925227804526116,3.2702228787072265,55,61.272379567591194
248,50,1.8873150429150973,0.818236934780135,2.6434682384414634,59,52.261376793211106
140,26,1.123014854671033,0.429181745115184,3.267236410351824,45,40.94496790107895
369,49,1.144870219090871,0.6966909660675326,3.3736325699795695,56,53.08980756921969
33,78,2.720233512740878,0.8393731042009442,2.4845753461503852,18,66.75818901722886
133,23,1.454109230162091,0.5084449029149991,2.9646512493919035,61,44.87036908664953
178,68,1.4731013205852088,0.23744395345237637,4.910295630749367,44,56.57461493381339
201,67,1.7255986005776789,0.6283564168471047,2.790823527717383,9,42.948411503400976
200,80,1.3828056084745328,0.9963272492356003,0.6405787164948615,9,51.34279399697958
76,30,1.7264117550337938,0.9751934931015309,2.0566062697561702,18,37.64311972600482
105,23,1.437605014642139,0.3768177551553346,1.77458025250434,4,22.418710408748495
56,51,2.384115807045248,0.8045572075394019,4.864701065075827,19,54.94264541447858
237,50,2.5817224475158813,0.4759614654560528,2.971111821594948,69,59.56484949440654
153,39,2.637064623556868,0.3282179841464732,2.041707986693232,16,37.35572148740429
234,71,1.7543108939905276,0.7327317604819947,4.958876861128935,44,64.00254778375066
244,72,1.4611565379147886,0.6006949836214153,0.605692425061366,68,58.88819553389887
286,25,2.092576141100411,0.6313844461245419,1.4583796350216969,17,31.869446622795348
227,72,2.4119766191101757,0.8619141297884068,5.0482515066769,48,68.7694474483642
266,24,1.751157380959305,0.4692349407099385,3.5285845021322144,31,39.104254526845466
243,39,2.079954452373427,0.7336758076445304,4.755073760187142,19,48.573978657982394
267,7,2.1993504417309953,0.49295317357010027,5.109968081191427,66,46.994890128504835
254,33,2.023345064121488,0.23417911726434337,5.680799187236968,45,46.942533415682114
140,86,2.190720533750343,0.5024120858690792,0.848835296168359,30,53.47515867329859
113,42,0.9007487981343961,0.9600275705633077,4.895791088141596,56,59.285511953621516
319,65,1.5960989128523142,0.5866099856707336,4.3982138152090915,63,59.778377563396006
150,14,1.811844531052209,0.28658434946949457,1.6386408037210756,54,30.362008647257465
228,59,0.4059470340568554,0.7502614635009808,5.624362464870677,60,65.91452356671817
94,36,2.4543100211528364,0.9707034797748171,2.7231103416851563,22,47.396820512502266
183,68,1.8640588202677888,0.9263561972354057,5.381857901001423,24,57.04097821793785
221,83,0.7099271960756879,0.6575686702465109,3.82812537565709,16,55.21866426625653
257,50,2.359256974181985,0.501024595478825,3.3971137059752614,48,51.939293097743196
220,13,2.120936719457307,0.6645421348073923,1.3773816364278868,56,37.48767305135165
157,45,2.219918904312729,0.8527448497593997,5.528801933580221,46,59.460017606559404
385,15,1.3409019084684548,0.8889898736147634,3.561640490492354,41,37.37196301467272
214,43,2.450086016067981,0.8550751079539529,0.5335082302324959,53,45.1340200708812
327,10,1.3936661971176694,0.5643811027533903,0.6005649758865577,12,19.914123035628954
299,59,1.7692219670694191,0.295086391656184,4.776979327599261,25,49.92184319406526
232,31,0.40154152887969696,0.6553387413910211,1.390649943581143,49,36.52489114854957
356,22,1.9476954752268694,0.3251430624266922,3.7930613959547985,3,31.266340562895206
68,6,2.123621901107048,0.2487666671182848,4.245950790636892,63,42.16801063631275
370,80,1.7610624771731014,0.5989342667430888,2.0365107612167326,11,48.377586614102555
343,76,1.5917411609046783,0.7242987600373023,3.6312259462627683,55,65.80638539117717
211,73,2.3438475369081,0.8833178451251145,1.8214231029399108,43,58.54841431717907
298,9,2.0352945211965805,0.8262684431634428,5.704734850523728,59,51.71234106361697
217,34,1.0673776953280552,0.8857924102052386,5.230935859920419,54,52.214298643634415
122,87,2.7017760113919658,0.8080550166567124,2.08423535323608,36,58.97878635251911
323,54,2.097441266068818,0.7625915175249116,3.4084797002268683,52,56.464152518956276
113,15,2.771053429389819,0.20811005531255972,3.2534807143464812,24,32.01112386126216
139,16,2.7310271590452837,0.7008818494473685,5.780127918725407,40,44.02177454315386
217,27,2.6053833347442157,0.2963854433112942,2.667158291011197,64,42.777478093962934
338,87,2.212891698940738,0.24693370586603286,3.5922515504186174,5,52.36851488984612
165,19,1.8626304843927217,0.32512972168452436,5.607886271880904,24,36.61160176764021
207,81,0.8132095928390182,0.8586337291534003,1.3954607814710698,1,42.24953662607451
35,62,1.7040434018170183,0.7950795144800171,3.5276708180308596,37,62.017984272213084
64,83,2.2369036537463853,0.9590179241641699,1.081201061990063,54,64.63159490479636
41,75,1.6500571808933628,0.9831810069203284,3.896244125001753,2,59.292280806598626
47,33,2.4837739081735783,0.9146271890991857,2.511257618628526,38,48.9644451664004
350,75,0.6631741580600758,0.30634084078159934,5.821998402487804,29,58.4595037925095
339,19,1.3142568353167219,0.9027061927399844,2.784750496316895,54,43.241791817410075
332,29,1.6143146046247776,0.8709097078309163,1.2490320064793874,15,26.143173209721613
41,23,1.4375807100858595,0.8968686878877579,5.086999785106222,11,39.756562360331785
49,16,0.6606077147717274,0.3213484936931932,5.014766802826028,6,31.483199440749512
126,12,0.7684679057071133,0.2934334622186541,4.3217279074853145,28,32.63356927107641
234,20,2.410281502853169,0.9390471036672654,4.6184649103632545,34,40.91238430624529
146,15,1.5625222220834822,0.33906131930760364,1.9559336972917378,64,38.6203911874431
205,37,0.5169338242065463,0.49489738483408097,4.0312942523252975,32,39.31968406743964
85,11,0.4395790215463598,0.5647878795952482,0.709109291629665,12,21.061262857141354
297,10,1.5363409647863837,0.2995540222636516,1.58289579139519,48,31.16036044009494
139,89,0.7945089422186649,0.21650743042603793,5.627536961541977,4,56.468025664543795
45,12,2.0923022703981324,0.995272375813693,4.565794133954623,24,45.52750194148838
302,11,2.308776310066603,0.901325795867969,1.768698975440918,45,38.836288809784996
363,7,0.9479121002970534,0.9298703434805098,1.1126069923560846,17,26.752641153435682
25,16,1.8212246677162738,0.4276504554176948,5.7190569467767585,41,46.915019450071995
185,49,0.7706671443649264,0.3760812581963513,1.11703216333073,31,45.264265491020545
334,75,1.128598363826529,0.5406932465403413,1.9138852642598652,66,58.09503506989312
288,67,2.53310918603544,0.5626554951824054,1.5044869614970144,20,45.83399620288347
345,54,1.705835419557546,0.20447955109139251,0.5410510122647239,63,49.95460392700945
177,12,2.52613286834608,0.8234024900478663,2.2277412575392423,43,40.237116734430394
161,70,0.9405947300308167,0.9973336305136138,5.857983793793195,52,70.09383840576004
289,8,1.1920584237967984,0.6229526960816716,2.3804681819514606,11,25.960270179389866
78,58,1.530285132296361,0.5106069560099611,3.273676837072755,1,36.96997157038491
110,39,1.552192180466903,0.5142015145769627,4.602646811569798,51,55.574522564013684
248,79,2.794355121240881,0.27686170573768054,3.5309405614356884,33,57.59078772342655
274,31,0.6746687655307122,0.41292945469120945,4.589753290767686,21,41.04342282542691
65,59,2.4447160854438175,0.601706230907705,4.138997275047833,62,59.88866865671406
213,42,2.472836894612488,0.5454784009077579,3.847096626494581,22,45.206835642957856
158,49,1.7276767156906896,0.6360277965944882,4.073068989664598,30,47.83997113559577
210,84,1.225689203821969,0.8792525189099254,4.89540399143038,50,71.74869733514312
384,65,1.6461426502919108,0.3801938421596896,4.406052671406073,67,64.5125122385701
49,40,1.101922491535753,0.22213134472504958,4.854762063878553,62,56.343601568371604
398,43,2.3178578762558546,0.2305803562261926,1.3007870105594224,45,39.386690511003
190,64,1.5958699809047925,0.30733504424548674,4.227205529907971,7,45.270504864438664
313,34,2.622021229305881,0.6563863878435221,4.553620517790432,7,40.092556184073246
181,19,1.8944592264545053,0.8465478480303399,2.14981537873259,48,42.30849686697606
138,44,1.63436639947524,0.9094447514245052,5.3101753031380525,35,56.62082065259251
312,10,2.1065664495463654,0.7080905615799771,2.1759138181648523,9,26.64656373304693
281,19,1.6094391146325622,0.5225146019607148,1.841076656570735,48,33.84062544346002
74,40,2.570815241006673,0.32361176652491797,5.269032485142811,65,59.57969568604777
288,72,0.8426703061284191,0.5211346715547833,1.8586091096403468,4,48.44066460437084
306,71,2.7360368409901734,0.46593210712622685,2.7852635433749007,57,65.77346140026197
167,27,2.3492573244428607,0.8960207046857103,2.523575565202504,24,31.887779179937695
371,40,2.465760068475687,0.5893755019284859,5.439340024070498,27,49.76476783406172
263,18,1.5589787976905707,0.38095671996362307,3.0037965605838033,50,41.1840841701317
146,69,2.4092837184102334,0.43104085345262394,4.3186991331291855,17,52.25148824888874
24,25,1.1362578005852924,0.30917613163415125,4.867213975541059,10,36.801068798436745
276,72,2.2286756285540203,0.9348683592553051,3.953469694109469,67,70.13426088263229
99,76,0.7370803801336543,0.24027667698917485,5.6903197407870305,24,57.35536950420278
307,63,1.136924598310021,0.2102769988447154,4.913791410908044,11,43.3771223584707
219,33,1.4697583920633588,0.34639114682149497,2.701136452211747,48,45.304452613249545
197,85,1.1735673235442126,0.8486992143285006,5.729465137917257,15,62.460044869719816
82,63,1.3288410774980406,0.618773429304865,3.3851615829923376,54,57.0268313607898
290,59,2.3682513874808753,0.7006746299015891,0.6241752761969275,4,41.35990044561814
83,77,1.0160221411412023,0.48618534033258787,1.9300730380909323,36,49.97377057932938
178,79,2.1886748131709735,0.25494238843933603,3.919512728704966,28,55.007381544700564
337,11,0.5769089658679645,0.8849265299937346,1.362481962784402,66,37.86732888725718
369,79,2.237773858036146,0.35351541770032596,3.7123742469126197,36,64.40366445778972
395,70,2.300855782791455,0.22644736043609176,2.488789122691414,64,57.99576385786133
384,22,1.3640770612059567,0.658163308746555,3.439120140320507,17,28.720114134067444
231,31,2.1339467756019292,0.26663137630768086,0.5103116633028908,33,31.01871226475813
96,68,2.596332168988238,0.2766094814878674,5.166317450677841,56,65.79924799203225
338,23,2.3217111365308645,0.8403016251860203,2.490590182765406,11,35.638330683209254
324,43,1.3370716249527037,0.5932876714543964,1.2708713885287417,64,54.28820183720602
396,63,1.5621124342721546,0.3932067617977144,2.9085372135279397,54,59.112646818255
267,60,2.270458107485933,0.478901138687615,3.1739751141885875,47,55.72222854257876
73,82,1.1022270156378966,0.7833927830745373,4.005714907729039,17,56.50859588466744
211,14,2.3293185767412963,0.2530833158052815,3.3850934219375386,57,44.726783755691464
190,30,1.1873707421462587,0.29318449274656794,0.7393797013688446,58,37.29637590181562
340,88,2.3343773977252913,0.6930096279924558,5.293317771427706,20,63.08036249187414
169,53,0.608321064041736,0.6855773875736859,3.010799124828287,41,48.436699016336995
144,26,0.5065535125854164,0.9779697476282976,0.923432748931549,4,23.62240045258113
50,29,2.794421073687573,0.49963958500435973,4.750555300910518,27,45.70073242952355
337,33,2.4866970957632537,0.2520621017420127,4.130849303306875,10,35.712935070502105
307,52,2.518834008318889,0.6300299478797023,4.07190775023072,38,55.73556666205856
35,29,2.683071874255882,0.7106774494094323,2.8480270095455857,38,46.710134379752176
184,57,1.4519591425947707,0.3116822286289993,2.7577338444154362,37,44.29851190645938
202,42,1.0884053312323654,0.6422895788281574,3.4498625001303855,47,44.89381687844181
198,56,0.7120599880429672,0.3582136973266117,0.778269270945068,64,49.316121951924
369,18,1.602901920492315,0.8757840463048547,2.144267703198565,13,30.811621742146908
77,58,0.9281159691438587,0.8681291966270639,5.933417954593055,15,53.377470024238704
136,83,2.645322056174367,0.5437032767987535,4.142058690204417,15,56.81956312818413
88,16,0.4096075898626699,0.9733945524102432,2.8041379097952714,64,46.23270946372598
112,32,0.7436721705834919,0.9838190995597933,1.7229970661724916,6,35.36493055296312
364,63,0.9915420474002243,0.3034008711580956,4.598651490451284,2,41.51995035593245
377,57,0.8774961078236682,0.4941710438659741,1.9315967033840526,11,38.861195715942095
36,62,0.9418682477913047,0.6802571760373157,1.3930355711546245,53,58.7358137802414
260,52,1.9745142521468284,0.26787024766515555,1.34983195128858,40,41.66531691174644
108,63,1.1860289879515582,0.5061244030513097,4.510948035406028,64,62.645199406355744
93,56,1.8760585165680959,0.4089376672132726,4.035456398587946,14,45.78652748988609
130,11,2.536619040751099,0.9616401767733633,0.8839335465417684,27,28.08145155467119
93,68,1.846136237261685,0.5292686582651764,1.1327354844921138,38,50.93491452046937
206,42,2.0668786990873156,0.81013668683801,3.986157770444674,5,41.75079961910301
398,9,1.2772079157312575,0.5093642908097391,3.6411385602968744,64,43.189127744931376
242,39,0.7833723222945019,0.3054496563350684,4.272994832044974,56,46.051663152438834
294,41,1.1694017498797746,0.890521224128678,1.479213995997941,10,35.547314508025266
207,12,2.714278356889859,0.2003335335224831,4.496233484194419,59,47.00345494696842
25,89,1.8923473226875291,0.24475269917956002,5.648530570318024,31,74.1316991294396
51,23,1.0660266866416364,0.4915075247176346,3.8057767299449266,23,41.241426993346174
122,33,1.482196641189049,0.7495186044149893,1.5787151080353112,66,45.07297109763037
112,42,2.4052312898343864,0.4733634362326206,4.237491204062586,36,49.8543652449447
339,75,2.0042645696938566,0.25305025409678,2.3869492595033543,15,45.96811009662717
340,68,1.7455668177500039,0.45427202698731906,0.7710826051214679,56,54.12079049697068
344,70,2.5243909039212182,0.39598468719212987,2.162862824438742,50,54.88638876484584
262,25,2.0138549733202966,0.2043358398545584,5.480718060725726,13,32.16990513792385
231,76,1.942551353898629,0.6278415305443215,2.7612662609678638,47,59.635118002314336
266,75,0.8554435293058436,0.2933167317953489,5.255659359171008,44,62.548645712463546
174,44,0.6553328392297787,0.4299970310373329,3.297626389375354,19,39.518639236553845
274,51,2.7163410809377577,0.7129518641779315,3.3433789392778,30,51.565321789180764
321,8,1.8372600882408463,0.7800925510583818,0.5286897658569188,58,35.84045506492051
309,69,1.39764018195143,0.410764501484818,4.004072403089347,12,49.538750284971165
253,86,1.8136499701845223,0.4633549368521872,1.0929761476673114,50,60.35930667646076
42,45,0.5483487065721169,0.3975273905019722,3.133116280751299,58,51.98209762058827
295,50,2.373105457369856,0.9655108802529535,1.931742706119544,65,58.21501547426376
159,47,0.9199492853544063,0.35241578158992226,2.6581063120612316,22,43.264854574479585
302,12,2.3309104151630726,0.34654448290694106,3.4539254561674047,18,30.371158064923886
225,57,1.6825082638326654,0.5560282366652256,0.5795526303108506,65,52.460045203465135
354,66,1.0637728327765665,0.3514450873604553,2.0652097079939256,32,47.38230987961251
148,83,0.47250387578096914,0.3253667650284865,5.942865638605257,39,62.89851727987048
373,84,2.358000052783854,0.2767036301608684,0.8156951920130779,35,51.74722902210901
340,46,0.823504339526336,0.7121369984865995,2.256664184865526,36,44.87882907136089
145,86,0.5243322775356962,0.6896658039215169,2.2678181123055654,43,58.35121470876317
203,49,2.214106553982114,0.7201303135023731,2.5866225651301944,29,46.479268551070426
221,59,1.240103733695149,0.818640006407517,4.266295051432899,27,51.0900776373817
312,56,1.3344016134199599,0.46108641023406066,1.8625908927563053,28,43.687664134372
281,89,0.9929622094737256,0.9347389868895373,3.03148139274829,45,67.52180420792457
343,67,2.4620283488725527,0.7865636888550049,4.04674961768847,57,65.11452927768201
160,15,1.113590862655677,0.8437668708649495,2.2727713208072373,38,30.727464164927092
211,11,0.9044621674024572,0.776769731061369,5.7182491927679004,47,46.01212645740449
183,39,1.1421993432067747,0.48676451634604945,5.888199492184747,28,47.704415544074884
365,48,0.8875589804017527,0.426425990450108,1.1582046222813114,54,42.554660014218705
135,61,1.1623725299324978,0.5380136556632114,2.3910093642044554,27,48.486085643335116
243,45,0.5990469348836153,0.2776242884266868,1.6438463839356143,29,32.92164389246677
65,48,0.7804720698867,0.5610244012527577,1.5273427755641333,3,37.345433113666004
343,83,1.4009269201507548,0.2345127864761919,3.200389110860537,18,51.462583369352295
166,33,2.5107204534157033,0.2031567680217556,3.601049094741834,51,40.40658939274444
149,46,0.537497792133486,0.9451991515797542,2.8410862232867955,6,39.33022834064327
241,52,0.9104192962240736,0.7514694884703144,1.999051802035484,15,39.40839397006238
209,44,2.580029621299831,0.6494775576527752,2.0324186583950183,54,49.37353597481798
342,87,2.536035217983812,0.4728816315384463,5.956704859874019,61,74.16180500649216
221,86,2.030681999910259,0.6564304117480593,5.5802255569463775,29,66.08741051491323
216,48,0.9771365298285711,0.9132606210706655,0.9174436254414644,28,40.24219839347789
59,43,1.4075453465338859,0.7219041071550918,4.111028585978691,35,46.61561239155504
28,55,0.9069303866511161,0.6819855983628034,3.0128268411666435,53,61.551589101665456
171,20,0.7086124219004879,0.5681636023773424,4.2884775345953905,32,37.17519267621225
399,41,1.3119961468333394,0.4765576245206864,3.783283880473044,12,36.7507050342128
368,23,1.7819718521688404,0.7588376911373695,5.390888200453296,30,41.76383100334146
259,17,1.2638384211155325,0.9847847528126514,0.8684357285885376,17,30.453499047019143
259,13,1.8659789211183275,0.5398061548164721,2.4227885163173806,47,33.46800574200515
168,54,1.111011364910333,0.5137641632113606,5.920217691765716,9,47.922328328194375
87,5,1.2300412666258966,0.542490777892034,1.5025694194483923,42,28.412546935945933
23,59,2.297616619947063,0.5404351744397773,1.2003339172865597,9,43.20669454045339
148,41,2.5079553541452593,0.9924998186947962,4.5093460330031645,68,59.85503435143541
140,36,1.172881795674525,0.7654226060074725,4.775893380096049,44,48.92621425221363
92,70,1.771637923228663,0.48734755936847335,4.197504512210632,9,50.34719477573734
118,50,1.0675894813414433,0.49720189906137807,4.769077058179589,67,59.91885041975776
29,67,0.528003140097826,0.5446375397952445,4.315468646512447,40,58.31451515350934
251,65,2.1708572352649793,0.22936975006435978,1.2467387525904723,42,48.25669677440666
372,7,0.8104083597667608,0.622253121617,3.8452204361317888,4,27.152073749080195
282,23,1.4217100569926013,0.8491047612182119,4.7728217540774285,13,34.24195156576237
190,53,1.5689091841099763,0.7284542345660086,5.260341334784573,56,61.38107842819081
179,87,0.8427318020298542,0.3587366774092333,1.8542938347603921,32,51.23495372502777
136,18,0.626932841592151,0.7824273931026959,1.2008691851619622,43,31.489574488852362
74,13,1.2352312352105694,0.7755668850656243,4.795997439704188,69,51.88825712819255
247,84,2.685486178120764,0.4100313725191977,1.9110158976961595,29,54.25355285960206
235,87,1.8763254159722114,0.6982997254855481,0.6756121307648804,26,50.68995592670159
22,19,1.315384548166966,0.688759226497549,5.0386746000711735,56,56.13954009228261
177,39,0.49338596985811584,0.8718300990849452,3.28295123595973,4,38.57625246369554
125,58,1.8406558753385962,0.30885784946675304,2.2964822283563207,31,40.82891297606975
84,21,0.6214183382448942,0.3558708036092182,0.5628600787735204,59,31.69453471644779
287,32,1.7021057705140632,0.5887756030142441,0.6943009458937123,15,31.687778055577375
219,38,2.204681219852183,0.23531611911384565,4.859427988081621,21,41.584998595811996
260,59,1.4166048359074872,0.5324753580813653,3.1933823673067545,33,53.70082177747936
291,31,1.1185875875596585,0.8305752335997787,1.323471271130531,5,31.172866317384354
393,40,0.5137221611622367,0.3189715151871986,2.4717809498695997,4,30.68407395349221
325,29,0.45946690038783233,0.5679589895492199,1.409178311456376,17,26.532980880943818
255,69,1.432063767149251,0.9918153867059558,1.1208485424921264,62,61.54886766126078
354,18,2.5200286496871227,0.6047360107398916,2.0196930137077898,15,27.03613030811921
201,24,0.9857506691036569,0.5986590592976724,3.522297011043186,51,46.61180706954994
394,26,1.7777332138763713,0.6470348669793344,1.6550363429672479,29,36.112653484265536
309,81,2.0423339672314285,0.348803496266193,2.390190947066219,53,58.74443178505078
267,85,0.5459916820032674,0.31773110614875544,3.1286198617605283,23,54.70674265460241
363,47,0.767440901928105,0.7418837032920869,2.8101635655073354,61,58.846626238062505
215,18,1.1950643042069609,0.5166134479246162,1.2074528951670929,25,27.316919543325874
293,69,2.008223617956569,0.4319253025723806,0.7137609954473849,55,54.99660304703375
128,46,1.4536842693474323,0.22511329593591808,0.695022998219164,58,42.52807889660109
386,77,2.162068163723789,0.8768403977427861,2.4259845991532702,30,57.97320811744553
256,35,2.482234877375662,0.2258630926758662,4.453411431955276,46,43.883301246830634
317,89,2.220093463836503,0.7999864992666554,1.2219041430109887,8,52.23949005243508
195,73,2.781393297551798,0.5055908471988648,4.828390640004341,34,61.55395006137097
349,24,2.210466564955959,0.6789502484037202,4.436208701226102,26,46.017933123529474
48,66,2.445230068017881,0.3981424005521299,0.5216891998708615,66,54.30233974504407
63,29,2.397679260316002,0.3243197329856585,0.6471133014001481,65,43.55811500467782
212,34,2.152637829472112,0.626710400667958,1.572682685459284,54,48.373786256953245
298,26,2.3243243599741374,0.7564941559633149,0.8086650107782176,66,44.61121796109028
327,62,2.6432397468817843,0.35639463595611726,3.4223870789866826,68,61.65479981501842
187,27,1.5404977084631022,0.5490871579460515,0.7179499380212868,53,36.44186400062281
266,59,1.9318888573901045,0.5557239762331165,4.9145521089746875,41,55.285920563063506
230,54,1.6358553317746543,0.3727833192635703,3.211291379201958,14,37.39679184435674
385,68,2.442488769260975,0.6520395570017048,4.5037490166986265,57,64.38515044182043
268,89,1.4352630468916177,0.31674854942536057,4.628864030147127,13,54.16460859210799
178,5,2.367344250747359,0.6077993386548641,3.2872016681862797,12,28.05061528451997
388,89,2.318450980137133,0.2907452090927996,5.589495819394064,61,71.87911508396147
60,14,2.708526643284617,0.5884339270841099,5.9463242562041945,8,38.08386951601646
394,49,0.997409678217805,0.4492792439004455,2.4756807730800023,9,35.342899444001695
78,33,2.1030868237261893,0.561797033665228,1.1922527713707844,35,39.0910500415626
129,59,2.2166067943539667,0.5469994875545394,2.497809982563268,40,50.412607189446796
332,66,2.6470683827311974,0.9263464982548744,1.7284464335784855,3,43.24531918318597
298,78,2.5765658033332746,0.5919484799651702,3.420531168839626,26,58.0151245576725
388,39,1.776462068100276,0.8547991231014995,2.581131806888208,15,42.434961826825294
304,84,1.7899676460735514,0.3805219143293722,3.1424717785773497,21,54.91372297065237
262,32,0.8014989481701505,0.4816662357074071,4.697531668418009,12,35.316139185667694
151,22,2.7399104858170507,0.26007150450655275,2.0071153599801868,47,37.7123690499928
21,37,1.0120419104882243,0.5365982358571949,3.45611098551849,33,41.826455981569836
67,49,2.139366924283101,0.7349599096599448,2.343386871307786,67,58.49798000024142
133,61,2.30990801153275,0.870533627287517,4.817284752663637,0,48.949696211635754
35,75,1.4589172110673143,0.6527319294393241,4.01745147824233,54,66.15425018074497
213,24,0.9068649280697392,0.7120581356744629,0.546776017808359,63,38.211545187449445
315,30,0.8535049221272482,0.34181366209355857,4.130282376078701,34,38.76184467397193
386,84,2.45559040216382,0.2297648305867515,1.4358910443662027,48,60.283937084814006
206,42,1.6258155681964355,0.8333505161418528,4.484605846116716,30,52.05161306720135
352,25,0.6163287568918401,0.3336305659530291,3.6203626676500194,41,35.90584533823658
394,88,2.1208467346309328,0.27293562842620195,2.708154727477461,63,65.05267034954356
346,43,1.000410526732071,0.9500498567252762,4.317365360639922,37,49.84810123866093
196,88,2.50334740180211,0.9708170912473413,5.211263072278291,40,74.80999206841724
143,83,1.1429722864719407,0.6930058332819957,4.783090426241403,69,73.639392145729
391,82,0.8806499922163435,0.5029098181498348,3.4995860211454914,34,58.060843149729344
111,54,0.6036602645318424,0.8665916327712415,4.4748187614274135,12,48.24032079183438
176,72,1.627674727930354,0.36377596746832996,2.7765300491601446,47,54.832201835628474
48,86,1.4817702107638895,0.5435138619437456,4.8396436685972075,48,74.455879813275
321,27,2.203149147047543,0.4856138392004814,5.0597854039255,16,39.668487964152924
266,8,1.5150462092632875,0.9301599925933453,1.255116102820193,51,33.71145225528805
52,32,1.2251583254184906,0.9358219322898189,1.8091724777667046,4,34.3086019951389
104,59,1.0279717975190659,0.7207087410589332,1.9849380554203713,22,47.82853948360585
231,51,1.0675521891279307,0.2885921122181535,1.4134494544015035,59,46.215395190328906
225,11,2.6268349643867532,0.585754231726642,2.658942537935814,43,39.61846474802422
324,52,0.7961886450107496,0.39626269297924543,1.5616826629728675,42,42.102214626846305
121,19,2.77162341893716,0.9079325305475856,3.775466210096352,43,43.920854947038976
371,47,1.1846066924613394,0.31072223921296155,1.0588849359368875,11,33.599636946068536
188,53,0.6121365650019939,0.2434482206885659,1.9845553416471602,67,48.25761264535995
332,59,0.9968569138908759,0.7635432268400626,4.160363552704962,20,51.991719380310755
110,40,0.5401945109310848,0.5626288599745224,2.6919981772334207,55,47.76375587010132
34,39,2.296071445993398,0.8706919100824677,2.8180450801937424,69,58.32493770280446
40,62,1.630126990098653,0.2597037049354494,4.888588891271141,16,51.96457544232091
161,68,1.2087678852803223,0.840860906086274,5.914813543100426,44,63.85819802659012
382,73,1.98891905111575,0.22986780227532666,3.607872807898171,2,46.536054022766706
38,33,1.9135516622807685,0.2224560095311656,0.9348694430498427,44,44.981938293133446
160,41,2.6556930141462165,0.5690526013848238,1.0659663582299976,30,39.10534892559063
61,33,2.707025240196111,0.37703303174452146,5.826753971161788,5,44.26875181473217
373,49,2.0336410615969727,0.6749749656052245,4.235792020116594,47,55.35842277297924
276,15,2.3627582253860044,0.22065359536917636,4.638580150836006,67,46.795115001080774
309,41,2.3018202408044286,0.22831163389038284,4.216700667270478,5,36.962664187863616
291,21,1.5791284784797597,0.7817187969375523,1.4878968093233431,62,40.773239442662245
269,50,2.0906998912802006,0.36813212999384937,2.965991884536191,59,54.1652124937987
314,77,0.5878216184405685,0.7251336989285868,4.889442406906511,38,61.31346699655382
23,88,2.2192505995607363,0.7999377292006069,5.264996296181403,63,79.75461230852119
348,42,2.708399217261682,0.24746493257997396,1.8053453311050462,21,39.60736700138416
301,9,0.6039394075017722,0.8158031635713914,3.7777898495860134,50,39.86341650458091
300,24,2.4066778830204507,0.41473697436902884,1.3640604650614936,48,37.53718824086919
169,13,2.639152063958251,0.5116367665597986,5.7705228021696335,40,47.62583477317297
324,69,0.942853335524949,0.2693113538362534,1.8871235894586817,58,49.503887646367275
165,88,1.659546850262089,0.8709039866918822,4.496493207321432,61,77.69315324497906
38,52,2.626859741111172,0.6485830290606112,1.771121193247699,55,54.78863639129402
364,20,2.704542410855123,0.6037322222777377,3.888296685831979,41,43.72947329201874
109,6,0.7069177224455593,0.9748438487222046,4.125953688624611,68,44.5433494508005
58,87,1.2376101413330816,0.46760460795253667,2.3063545690011398,38,58.2707212433679
256,31,2.075547138762056,0.9126234291813569,5.003586259843281,44,55.45696596234252
108,14,0.9317403985262327,0.7757503048516834,5.369539940360978,13,39.875401577977186
346,20,1.179449508722754,0.9428225086817912,5.202884616396973,22,40.75114785386092
188,26,0.4558985440112639,0.9262416422099677,2.319390207055945,63,47.0708336111306
21,60,0.7684520342348773,0.9928238440208557,4.593871424569597,34,61.709373026380305
381,80,1.7495907866025853,0.30534140162972606,3.577199151780733,35,61.813930302571286
215,28,1.9674161591300385,0.8368131136732762,3.759455784706064,57,45.53002389578824
119,63,1.9573883946300086,0.8435954839580027,3.12583796892154,22,52.66126424945644
277,10,2.26806512986772,0.7154988225427894,3.801436313828794,18,31.390032224587756
221,5,1.3966753929730995,0.4230887665905616,1.246097869196625,0,10.085604842684965
31,9,1.0563777189787733,0.9721186173026521,2.748659782146004,16,32.90481235302624
308,83,0.43739368010206,0.3635377103121677,1.477194690933703,35,56.040487866447776
172,54,0.8959115825257286,0.5996603026867513,2.0405804203428417,50,48.0710814962398
285,73,1.1497307492848894,0.6171896902553491,1.2029799475717358,23,49.28999135122413
360,6,0.8276964555531172,0.32946347586883107,1.6687258287211102,31,27.238788229341868
252,6,0.44834673159184546,0.7780230578665928,4.800610906832437,15,30.690005369263645
275,77,0.7778742607964598,0.27109373134419185,3.5241005419771865,57,60.72586078683047
116,13,1.9986389285621735,0.7544782230773688,0.6300371518172925,36,26.92496308076
110,18,1.9110049995342298,0.8788923970325095,4.836884660911636,10,35.31219636828541
177,49,2.6456407345553017,0.47951714006591967,5.5020761776121985,42,58.77075851761534
344,56,2.315603899353542,0.7675366468793603,5.342361016804507,23,55.239748801914864
219,24,1.7626146804188587,0.3254192065182798,5.02659285580327,60,49.6236054232767
152,42,0.7301352339837073,0.8767592011623029,5.957190435405153,18,48.73256666877076
316,62,1.7537723654203767,0.9616253588425798,3.7252107554586313,60,69.62364255730625
344,42,0.5478281461940339,0.32215495479982154,5.794231956831977,48,50.27368809305619
362,37,1.4341237537860465,0.7534875791778657,5.718643278757851,9,47.76620048418715
133,11,1.336620709473269,0.6046648772452207,2.2228130177689165,53,37.12635933357539
289,43,1.42675314247106,0.625199465465903,5.248885658307289,50,59.2900626951283
244,73,1.0715822041474894,0.7651917748805506,4.858599660573274,31,56.747031982237964
190,58,2.045993074297177,0.5909923994691498,4.7668932757059705,11,49.46508663756477
170,80,2.4182667215170706,0.6802611136141734,5.429544242105571,33,64.96474320990644
63,15,2.244440782237546,0.38472081552910176,2.6130450545616926,42,38.421413816054276
124,5,1.9066050298981128,0.5028052771909042,2.7003023123806003,9,26.782430347556108
228,51,1.692027518399232,0.8921922800572017,4.020287700620001,23,50.9170271785497
356,20,0.4746020320192729,0.2879220093187085,4.557924957978882,49,43.46738985685826
349,55,2.135041596860611,0.6780602087469119,5.33855406461688,38,56.167419077055186
91,81,1.7079590549883936,0.3474296497879122,5.3171492636260504,69,70.47326533743221
278,33,1.0497785215933284,0.8772316783386975,4.467367934124429,15,41.304753122901154
52,51,1.18682089324826,0.6632351630828399,5.762910278018375,54,62.93442174311922
276,62,2.645456287527379,0.5224390261362168,1.4824574042043324,29,47.26404812815748
149,17,1.8984693882813448,0.3998597389214544,5.726869159490474,15,33.88664626428826
190,81,1.5421898431780678,0.5494757593517076,0.8530531511849186,66,64.40574752480204
292,22,1.8902121753001784,0.9660898607373938,3.5559203465555504,43,44.336853596613324
181,73,1.3929815799655767,0.6073674317948965,0.9960832635446724,37,54.63539347858804
326,61,1.5284374556872389,0.5755916253598882,3.6240053635897502,20,48.685588057780606
222,16,1.0967422160984088,0.7970190508002473,2.645603418506457,61,44.66387879408049
399,66,1.455647921419947,0.5032376566655254,0.9488518732631277,2,39.3240901307799
262,21,2.045421357850985,0.5419391599046353,4.064642427633036,8,30.97916052152663
132,55,0.49586062020752614,0.46955818525729526,4.52158899792563,12,44.715773489755854
314,86,2.3080657775107714,0.3207358042635131,1.458019774909897,45,63.04665453420176
175,86,1.0791508980671507,0.7710473713621206,4.319401956198229,7,56.98390979634535
222,79,2.038143504237999,0.8984247311068991,1.484761520312531,55,65.32036417171756
71,46,1.942540755232144,0.9244741193942125,1.2556804712340208,13,42.70698416383418
65,52,1.9663073179391328,0.9046423504302237,1.3104979658861016,47,53.73268221157507
238,30,1.8595093990139269,0.5614270419503944,3.794931579248842,55,48.9727725172374
90,83,2.7018444113668836,0.42725295376255706,4.783349444696317,61,73.55163255698618
399,45,1.620025990468938,0.7103389996806588,3.7829153581059747,20,46.66942304158366
345,70,2.1575658772368436,0.9637639295248255,4.951432991600348,5,51.97378431636052
286,35,2.0930783949629865,0.781640518534884,3.7531253758870307,52,52.222556180938604
299,67,0.9670421854679929,0.5958788492721252,4.885266860416677,31,55.68861860182885
246,24,1.0799340140483815,0.7510468596107587,5.870873756233154,66,53.90614681343215
42,67,1.417641035576723,0.8180303299635177,2.6502789438252354,13,54.940619975862525
169,8,1.066475033111702,0.9354154090624567,1.324681973097921,40,30.349525349217114
208,13,1.2801834374319032,0.8105726031777234,1.2446824643772672,8,20.608980824556237
367,34,1.3383054734279343,0.5465524445087244,3.7861267816112893,33,44.649253147987295
103,45,1.8492749462520255,0.4188852147723873,3.5090668622043806,0,32.86090174294517
208,65,0.927736102564148,0.5999053317836731,1.5132945819811692,52,48.04249906483321
150,35,2.3303004781040495,0.46254235568437746,5.351577294672204,42,52.785763345559914
71,6,1.450087256251611,0.9542116741502513,5.7621160264980364,6,36.04305198418134
59,32,2.0949858680397924,0.6063726747599698,1.8926860370681593,34,43.01865645902371
158,42,0.595461954977963,0.5776450687712067,1.6378561199558686,29,36.790385966456206
51,51,1.5279169458984807,0.47855697452389034,1.6765701876915098,47,46.49839492627656
45,59,0.467726877225588,0.7115255922332804,2.6308184133024772,34,48.97245391220097
153,26,2.0221839803573554,0.6160410228967583,5.192749464144205,32,44.23768127104798
96,56,1.224904184792967,0.3032391383186053,3.7777833546761483,58,52.12581145023075
230,58,2.6782067538539884,0.8953662486643956,0.8715438745296846,36,50.757877224522886
26,71,1.1778981150434065,0.4872102657150388,3.1013849684463697,56,62.82882144168584
134,49,1.7531341552425443,0.5460627439665233,0.9968242566545091,61,49.981825563201554
192,73,1.0177301816670752,0.3645336453308633,2.7341776270464204,59,59.22376470049521
385,23,1.8882703094736168,0.6427185660943113,2.7193607826682435,66,48.157395211586085
261,65,1.5209016403197628,0.7616440499428665,4.065939661403052,48,61.815152848820055
354,8,1.289507827613519,0.9049322565007516,3.5219968182970556,39,36.678278838755254
150,13,0.8888544377924317,0.24128613197781013,5.311151302864973,37,37.29867153358477
190,78,0.6676512255314928,0.9786655277595027,0.5895135046600979,14,47.80423327461314
179,45,0.6877099214960158,0.7630541936162853,4.75699352152057,57,50.25409653549927
357,57,2.7976960420133272,0.42743894752921396,0.6246208752571296,48,50.23695048241385
384,56,1.3895457444573633,0.36357980401117285,2.173594056620013,61,53.08045130621889
385,64,0.40463129889601473,0.4368703349236784,5.338147259987599,49,60.317224497942014
305,25,2.687029097502434,0.9005806013331539,4.297277944224169,33,43.007673358778455
211,20,0.4479518181515504,0.43311213855676034,1.4459817310137881,20,24.913287840033743
225,8,1.4046067013308807,0.5702569076457886,3.1993149926156863,68,39.48493961751005
392,78,2.121946206329574,0.764590443393786,4.4704729953789215,51,69.9362078692199
128,24,2.5950381864922276,0.8975918909791085,5.655388267367411,61,53.40627912225572
151,53,2.1109270994370424,0.7268569298768834,3.9887665957001204,40,52.378232217384685
360,43,1.5127018117600284,0.8024873572275382,0.6357147628811001,35,42.31907802548483
166,18,2.738660893561848,0.3386614370367645,3.2483602283295596,2,26.215676063354604
109,40,0.49436651927984904,0.9019262621529112,1.3412890154395525,4,29.708478859629704
232,12,2.768541286091219,0.42057534689448856,0.7627875276120673,49,35.65203215644797
143,20,2.438539724100253,0.30270253124521257,3.7918084907487133,15,35.01114363731622
358,16,2.6294320411032617,0.9809954322725354,4.7730704638073345,5,38.80929298917325
365,75,1.011453817834088,0.3613119403633288,0.6983330552302236,54,55.12937518811596
136,53,0.7418993734822474,0.3093215760623812,4.809740990310357,43,51.00005654722903
221,83,1.99195667049448,0.7008167200814293,4.385133338963298,7,56.00381503839892
393,42,1.6380626511666878,0.45509051959687624,4.635927884925987,34,46.00639870465445
302,22,1.6556031057865108,0.3066793641443947,1.8460060499363526,32,32.2811982297739
101,56,2.619086028359722,0.6808968937727009,2.66477500521386,0,40.44417014283548
244,84,1.8881941759678291,0.8071881817777884,1.1586295496397043,42,58.23375742113512
255,50,1.1465532042510158,0.8345586993657252,1.8139002262895656,27,45.252046362941655
268,6,1.3601597354029025,0.3244100808098179,2.1653431931258655,61,37.760479307209295
29,30,0.720390004220443,0.6454936543519538,2.2569015174523237,8,35.421302498894455
133,83,0.8615536966616544,0.8509426965451685,1.4627193845324649,59,67.4963976990625
344,49,0.7440401685028923,0.3288696091393482,1.5379148893912884,0,28.36566227438602
111,85,2.344699218907251,0.36614580141653996,5.458087198856881,53,65.9729793051927
133,48,2.091696323133085,0.2019291179453421,4.811414881485832,54,56.216557811863424
142,6,1.6728280422660444,0.6197073251162305,2.3946273692029054,28,27.275587280957275
87,79,1.2984828007061697,0.35574535748956077,5.712039467145284,19,57.70697264335717
79,69,2.004386296778441,0.7793940605815193,1.8140749203577815,9,43.273440874735755
151,65,2.350972834469826,0.9697710844940846,2.7375124939752786,23,51.26056093681904
352,87,2.5149597176121015,0.3670043911992562,4.974389212890139,46,64.65686930767272
20,21,1.7128389476952006,0.7192776094108262,2.9358750361199464,50,46.600899217592485
127,82,2.367724292367282,0.3694675691668091,1.790439275994803,12,47.952097519458626
43,24,1.6271342881904682,0.2144054871837632,2.526945071918186,0,28.113552068470817
233,87,1.5388722140509379,0.8068433553716678,3.2539658980607484,39,67.23236066199067
115,21,2.4770364534930405,0.5472037413207143,3.9135441101318555,40,44.13602335508773
320,51,1.3272974470351935,0.9574294892117226,2.7308357476983782,68,55.18895134168274
242,72,1.3501904296976854,0.6274287057147245,2.8721738211598584,53,61.50395991396279
317,11,1.1317872286837987,0.3259862951805472,1.9516898704078387,38,29.456711940288734
261,10,1.6448841479070802,0.5598195534378223,3.4444101412957644,41,36.0657169436034
186,77,1.7076400808547056,0.36231343584481324,1.707009285732505,45,54.91419073970758
347,10,1.9851067487450966,0.9024234181492596,5.271394199594417,31,42.11365777121156
200,57,1.4332055442629694,0.7527225447100199,4.610518886464658,47,56.884491848336246
380,84,0.9228095005206385,0.4729910437237629,2.7565344362780126,13,50.15693991947256
397,57,2.480420949793302,0.6222562582457123,4.609753158680663,58,65.42816661114774
243,45,1.2304020813712344,0.7355841505704228,0.5384776799515516,60,45.60361876513186
276,40,2.615064207616419,0.8262861733163402,2.394690724533181,30,42.54255491779366
117,59,0.8976479992634938,0.2641177678964334,2.921656314807337,31,45.34063984312768
329,53,1.7441379429669532,0.21801507359619743,3.083891791501335,34,42.945889759770665
275,47,1.6878762244706853,0.2915621577359119,4.618023127406864,57,50.1645555596838
362,18,2.3887548350247885,0.5159970481380505,5.795440851589426,12,36.97316779850457
121,61,0.7332433282019915,0.5733652880656737,2.5899842174354166,23,49.079958194320156
319,67,2.5838492150019072,0.30916930417107874,2.428299172403311,43,53.743105363773644
198,65,1.6754276132129684,0.5289225103196842,3.8578337461921786,48,58.79263814310164
90,11,1.8066625213944794,0.5532982290894644,2.046894878053684,20,22.79689378552691
85,64,1.6243991039146408,0.28727197094198936,1.2774268359835408,8,40.19461096111448
233,67,0.4864597764070395,0.9333279681565874,5.788474787707093,35,61.76351694940588
141,20,1.5930175883358353,0.679316742070166,4.952414762449622,44,43.68037380262658
58,77,1.0325191904247772,0.5108284243650256,5.771747541632703,53,70.39007118245502
182,49,1.2224516329067954,0.6055257467777653,1.6980808327615415,0,34.16788791164199
268,45,1.9578438380491359,0.45135798917504544,0.5979506823331882,1,27.236818701414464
141,66,1.5944731107378542,0.8834648253156745,2.9049386665595853,27,54.131483597860104
383,48,0.6237237104019051,0.660012033254803,5.634849296453697,39,56.53276675884138
316,51,0.5752990594282215,0.5959166515148349,1.2607893637946739,0,31.532949565649787
214,31,0.8455784694816888,0.928708322476478,1.144520375590291,12,29.318377419000058
375,83,0.8581243517733368,0.8703837585872543,0.8792403133521314,29,52.86703639005967
184,87,1.8599218167312759,0.8502415131406795,4.707598994125862,19,65.2504426047878
73,16,0.8267547137093028,0.38048736338547534,4.822595936084464,49,39.65299381542126
33,67,2.516126615859449,0.32249848917468543,4.324568306149052,2,52.55808147886492
376,6,0.9034255854721915,0.7520772157701983,0.7931051481728485,62,32.766549112027555
384,36,0.6187154690233183,0.5749138050731167,4.478085846983621,11,38.48082750827186
300,87,2.5017904392631523,0.746970170365475,2.9674584465392795,30,60.71028716751451
59,19,1.1087861825841592,0.8085017856888932,1.3684193206513273,69,44.30158622093149
131,37,1.421014311600966,0.4362508058758008,2.1231930576653113,46,46.21167754557694
35,23,2.7016633216298613,0.427720346498247,3.256307619631285,69,49.386669496913335
39,66,2.666486125978657,0.592665253006547,2.3130830974832457,1,48.87345286488921
113,44,2.115800534235803,0.4188394508211979,5.833620747078758,50,60.68093918860473
237,55,0.5654534841581313,0.7338362208129596,3.111079579389596,5,42.39692791305084
44,85,1.824016300987354,0.7973843567045735,2.5468278063867897,42,62.970323342135124
394,49,2.7737870441014185,0.5776311568425956,4.202409859324201,22,45.51475488856661
192,67,2.672598948217553,0.7790398124789146,4.077997812707531,54,63.318447603015194
120,13,0.6544059820478629,0.608350055256621,0.5134160422289709,8,19.817216121739545
216,23,1.3503215274168847,0.7702973775736075,3.9016053406540863,62,49.706976545583906
320,85,1.1572881901668144,0.3799745982365803,1.8407293612296853,33,50.725484844636185
138,78,0.7113474565717733,0.7910744367464335,2.5637850287335686,36,54.61212705989038
38,60,2.0675159469970263,0.7720992187656142,4.384918899041644,39,59.857963094256434
39,37,1.0572360744645681,0.4132845656393421,3.565624215558827,2,36.04813726058047
343,21,1.2276779275007148,0.64477679283214,2.527603292853033,21,37.20116988393475
62,77,0.6168613040834031,0.8842493342995212,1.4207569351041822,49,57.79539436259789
261,71,1.5951221410687975,0.3996181175779512,3.2801520298626423,67,60.635959345153566
166,25,0.7796028727649356,0.7887838272117411,2.2565131292896177,68,43.70637978764112
315,55,1.437017016590774,0.9631733737175097,5.521102946244413,37,60.775223100178835
43,57,0.7440213330479236,0.8929935358060519,3.4389065215897787,18,50.8335957669244
361,45,2.6892397358803497,0.5212160661442209,5.262801967937269,33,50.17740663622879
285,83,0.7479580796731422,0.6857661863905108,2.6459956566593124,32,55.89333730993344
190,15,1.6525291692415198,0.9934161074021632,5.050904400833783,27,39.87707466724333
98,26,0.87275158076557,0.6547499291005747,0.8109529619464324,25,31.123437850572103
391,13,0.5832683283342621,0.2920220819442933,2.139654640624082,60,41.94214880607922
134,63,0.8855406852210356,0.23634460382300873,0.9299676317458466,27,41.91498245948865
206,59,0.5314578577370466,0.8322516077952227,0.6740759939318065,2,35.69348150724718
169,88,0.7345537194903732,0.5389026603214769,5.553742349277154,50,67.92478646228822
107,51,1.584361978631721,0.39745031250335555,4.442778094198239,46,49.708624248599094
178,17,1.9643572505381783,0.47813762452875763,3.9381053545765883,26,37.509500574412215
77,43,0.6096155561722802,0.8058982932371619,3.4287104517650815,44,51.967605068954484
20,12,1.4584446973702443,0.5721978685070633,3.632547199192631,65,47.60499784383104
130,62,1.7949928548480445,0.8947995940207012,4.012797097625494,64,68.52211138932273
62,62,0.9621416229065476,0.7879404710221596,5.046188871070568,55,65.47758844980928
177,77,1.292988187638461,0.9792113203563402,3.7828870568754054,40,65.19479444145448
347,33,0.5724036873606607,0.9108030134318748,4.617194197109853,1,37.885630249277284
81,31,0.9283145925594278,0.40363776942880736,2.045379285063542,35,36.562495819716595
20,11,1.5202070222054562,0.7272473862420428,5.8721895579905965,57,50.821237789734965
62,40,2.7770612294207733,0.2164344276225151,0.6754346464036591,59,45.96314798285125
213,45,2.79103615105392,0.9928853795436787,2.626171274025235,54,58.00394565531853
124,69,2.751092034698291,0.4088048870420773,5.351272533270372,69,69.00465075574193
206,69,1.415407327120786,0.7318360748988673,1.492876294774046,36,52.829884051400846
31,16,0.5936329081951961,0.8793228969596523,1.2773595111351188,7,25.729342931686187
146,29,1.1765762493984004,0.3283717301823772,2.5098692179495243,34,37.803815840667035
175,48,0.9705145008903455,0.8783034742483833,2.8550708528425512,22,45.09253610604516
183,33,0.433903779783651,0.20979653263265796,5.633667333639503,58,46.43318876799567
229,7,0.6285606646921009,0.5535817104683259,5.098657440898516,54,40.593461028868816
316,76,1.4876606441177587,0.5776300980249107,3.052493007297828,29,57.2674797841642
197,67,1.2151899131303128,0.4992725706069887,5.851363054848816,27,53.921984979282946
339,49,0.8328489319227593,0.6691077970403998,4.032531222874853,11,39.82049681292916
221,31,2.118639929580993,0.9318738789621057,5.305123025900402,3,41.51354502220846
118,76,1.2570774301518846,0.4615912914402313,1.85331339267754,21,53.632875659289695
107,7,2.444482853791706,0.6634079097331393,3.1893024086499056,16,28.260847181082774
142,42,0.9783451846314816,0.9019700205946584,0.6634446734603832,18,37.06456319000596
247,73,1.6921443762078994,0.8183963160811025,0.5488410629654686,69,61.894669740280634
112,86,0.841934121158038,0.2325866118443968,4.379992715167054,47,61.22864965601562
367,26,1.5887214793260207,0.9542326113021298,1.1506149235608039,38,38.99004654721914
202,60,0.765919621548127,0.2373175234068902,3.512945304109497,12,40.41863087278155
348,21,0.7877886984916527,0.6710067794994636,4.32804115215511,58,45.63716818812691
279,14,1.8693361049008375,0.6602828962521319,0.6772902242630159,45,29.017255410689334
146,35,1.0330865012218402,0.829112184561853,2.968077695301251,36,43.59611292206239
106,80,0.8136813437541935,0.31875444147918214,4.262835653422119,32,59.038862071442274
302,63,2.6314438003241754,0.34349631365016303,5.393520433201675,38,58.9736830265633
145,46,0.5032078017761226,0.8016855461906884,2.1457655533091105,58,53.15078447114672
113,29,1.7563554704701292,0.3196038019293001,5.858190913263816,50,51.12436806126736
373,17,1.7158332203998365,0.5755561016525117,5.144978248128336,33,40.88431901526135
203,28,1.0014612985673434,0.7853184721687456,4.078492896450198,46,44.784255709464006
38,17,1.4866521882707628,0.7209935430261449,2.6555902898537216,65,47.0977354908404
208,20,0.6105706793983251,0.3684833488904762,4.411107069097242,22,29.74262717638634
195,63,2.1310483502173256,0.4431682069488685,4.989062979886944,63,64.09777701392811
348,16,0.9320731561043757,0.9751799225928328,2.168149311876065,42,38.1121311991275
290,9,0.8641248635837342,0.5589364961239072,5.960565356988661,12,37.006351108473666
92,51,1.1557083478660073,0.23556598114910443,5.497406533650515,67,61.23690300824968
77,29,2.5656878086315404,0.3756679195730661,3.1702579218860745,48,43.544925226278075
249,43,2.3115199558805024,0.4739480717294702,4.475564536764674,27,43.38978518340007
38,16,2.672541498721018,0.9995915234356687,3.3820489204033004,15,39.765844729897836
141,22,1.9647096304794052,0.44215323798153494,4.685118037083644,64,51.65698606748446
72,42,1.9910116264770101,0.221116679026036,5.048402121328897,57,54.872777160966194
27,63,1.5520743986229206,0.6103372620442689,0.6277240533637338,3,43.175871215820855
369,40,2.572447176080741,0.26688430797918167,0.9352261633535709,44,40.10417332002183
54,51,1.6261051582487895,0.4192540789565775,2.3505707873219985,8,42.00957701107272
23,49,1.252144169908059,0.9939065408751513,5.546874979477923,20,52.94610749520395
374,27,1.9369000238023966,0.7637108151441236,2.6905047072886434,39,46.084679040156225
91,28,1.7107347841623124,0.2405333034262963,5.381317183610584,17,35.895940029082865
330,41,0.6976475567437492,0.5589493748734369,3.043386519474641,35,44.74963241157401
31,7,1.342540993389831,0.3373100101030795,2.0886910617136536,30,29.814976541589616
78,63,1.1519809866267519,0.29835572512169706,5.453548506843724,40,57.523890955654636
62,57,2.432401060026716,0.6696523306790416,3.5836892290527262,56,61.33683502652639
288,31,1.3092221367354608,0.6045247117121726,2.4826636226652274,10,32.99073041496909
255,36,2.3717325583333424,0.7942932674524066,0.7442385199529924,55,47.02501903643019
200,32,1.4617350253622692,0.9138449825854877,1.1101322284652313,15,36.22003974834948
111,60,2.208401352269464,0.3973454859453296,1.2662068020284178,2,40.59794827618483
53,69,0.7246766284268558,0.9383935893243176,2.5065995972583344,31,57.02681630051263
236,14,2.6191605271803096,0.6143934180432764,3.840331256593892,21,39.6018467416979
107,40,1.553343737917404,0.40706793454809376,2.1917456293206143,12,34.327891602267854
244,6,1.0235157895031353,0.8766286704820876,0.8604019857064011,29,29.3582779901017
281,43,0.9795750552755365,0.228423934423218,1.9564480552453358,60,46.517757862472024
342,26,1.0361854925799325,0.6476075019783685,2.747749079947856,40,38.16615877476624
207,33,1.2801380150031223,0.7772972280239734,5.95748460769781,50,54.80807177040353
21,43,2.12204687842148,0.4239821497249146,2.6614279761301627,10,42.925032287918654
126,32,2.679047302961904,0.8907935340505744,0.9905748031109418,5,32.38997186403215
344,38,2.005689832296717,0.39222765068638793,3.696131479606634,23,41.95664672297886
222,70,1.7131990502658416,0.8718994261853914,5.558020399444593,54,71.17336180998305
255,73,1.4766347392411232,0.2628359710659658,4.826826343739626,61,64.53068128905406
193,5,2.3876667208902793,0.327942073494745,5.099200700529801,7,21.183590301926134
81,37,2.4391772858705676,0.5047876671215266,5.605274878562818,33,55.220076860240475
360,76,1.1032904186387646,0.8832444102385435,4.000989268620459,27,57.91199483657772
313,50,2.688208596768232,0.315668292101426,5.972075018594243,52,57.453942951449804
398,22,1.348276871695317,0.9003505918353933,0.6830486343380795,14,25.59722424636557
345,55,2.320187366059667,0.383785221290235,5.091618218789592,33,52.816442431014266
130,17,2.72036770739736,0.562006718875623,5.213558682372439,59,48.77074611139668
116,6,2.088779442053467,0.4821875234082702,5.541852149190808,32,35.93050365793183
114,58,0.787721743482865,0.29450098129161884,3.12993201699717,54,50.46067184712941
369,48,1.8067286924174342,0.9554477916153121,4.8326575799133,43,58.61941888501434
231,69,0.6850650954293882,0.5505426326017708,1.572942195166489,41,55.550993639311926
192,34,2.293940895685423,0.7522650090849556,3.817216238480179,18,44.05781578069358
387,77,1.0751564172973191,0.6602141413312249,2.4725483379990374,69,67.8049680593346
249,40,2.0685155753440445,0.601372733481766,3.778955078640865,17,41.0988588881996
365,67,2.5842152179124773,0.6932620988454792,4.215582789370652,65,67.9949356197321
394,13,0.8344236416084138,0.9186738449619432,2.408877667103984,69,45.26909041540734
50,13,1.3428588126428003,0.7594499005552877,1.6893106461657958,35,33.796851898784546
157,71,1.953085091376559,0.6259840635641769,2.269283498726341,60,60.09530127521637
298,75,1.4071806227428025,0.7161487685327812,4.151764848090934,50,66.38598166952572
329,85,0.8195654598993165,0.6851154244072173,4.222808285200458,51,69.61145153603152
76,32,0.46977187400511283,0.5464969659890505,4.577243148132544,4,35.86244712823564
140,6,1.375835544884711,0.6998112081043604,1.195951347149883,9,18.046884665607436
228,88,1.9581016637966089,0.5548558401313308,5.001845646399539,4,56.92649179390491
323,56,1.7775620995659729,0.8060915022975299,4.284812908475255,2,42.320093983671214
62,26,0.7749789754255418,0.9751299868178285,0.6677779217985155,58,44.16101787280063
248,69,1.481664265281728,0.9678922859977834,2.3457881718927793,12,49.90705831639876
132,81,1.2867305108350067,0.8565886291399845,3.066911907485624,0,49.937621983312496
102,29,1.0580857655041598,0.6814071176475882,2.4833961971274814,65,47.859283426688705
215,70,2.1502509852649343,0.7994655904565924,1.1457928851462722,19,49.392644602933196
177,71,1.1431648720652423,0.34243863620604353,1.6404045647775387,57,55.52159169668046
261,47,1.69634068559927,0.5832147658511381,0.635087672005729,67,46.804632193085354
140,58,2.6157364846470794,0.4058438119930915,1.0119243874390955,36,45.434648229122025
332,27,1.694262357408598,0.2027959848874777,1.964650647484996,64,43.079672179257194
49,83,1.880854984385346,0.9733900597376608,5.009836460996518,67,84.00072506042004
347,88,0.5757903668021234,0.8910788494814732,3.3965063046546016,10,55.0220442668761
31,88,0.8275219449801672,0.6109588947759415,2.834738398801083,10,57.88663660468278
299,67,0.6422828783154724,0.4033218304952055,4.14189619177202,25,52.5844649994167
151,8,2.235551076054016,0.7543801681593894,3.478308081787529,39,37.36042432478946
165,36,2.4062105942004215,0.547840867639942,1.2233265971559444,55,47.91716230610848
27,42,0.8474927036669864,0.8426796267381595,1.7244285010330427,12,43.44476952503478
286,86,0.9262522022154185,0.9996144881447595,1.7238729854483419,13,56.66462141199203
82,51,1.1756974947826788,0.4792660859918961,3.799738819367882,21,46.64544469242348
270,50,1.818586280689205,0.3955224347824382,3.0389340140414056,18,47.67307416013864
295,17,1.8923108651200469,0.4139059910358066,2.631717844084695,65,41.115447309321326
341,72,2.0482095004994982,0.2746769965445376,3.561515450849834,27,57.995514164099596
289,33,2.57246261491231,0.5152369572001243,5.835636821804065,60,58.869787619199464
134,12,1.1080963371916916,0.21394004217352747,2.228064008307322,3,22.77419211875513
300,88,1.9810215740962618,0.2915164459210205,3.361074884984345,7,51.40632144980853
333,21,1.7433348298664613,0.4173565978181363,3.142035086042636,56,44.68180824772978
140,6,1.1340093769901611,0.32789022072758456,4.441536674602146,17,31.35956085043303
67,11,2.577796447824816,0.7857272796005803,4.516596473906039,5,32.12181005814502
358,43,0.629160188702122,0.28448383269432026,4.509888967771722,41,45.9470076324563
76,13,2.1088024643969234,0.8927952840196198,1.6083576896630964,10,23.842366853661
245,76,2.146896911254245,0.37689160296876234,2.9700122499865325,4,46.76719124833556
109,48,2.5967836664559076,0.2868724935772542,4.961460800660256,28,47.116258313027714
67,32,1.6445934216432487,0.20808531554500684,2.5984159379735408,38,39.50061396610742
315,5,1.1718936117261902,0.7721640034577171,5.913403145094609,36,47.595418787245904
74,45,2.3865776076640492,0.40529339675083365,2.5063270798570954,40,51.81116003281311
274,17,2.2499446763977424,0.6075988841102198,3.2371675503808253,1,24.938790966653286
283,88,1.6007574746067288,0.2892928373377246,3.109890771414008,20,55.9044252541963
42,29,2.2428577015211464,0.9882367385889994,2.885150913580834,24,46.99736114234474
85,45,1.042901444985426,0.30030779125596424,5.150972525757918,20,43.71252742428278
321,6,1.814815192968323,0.5295407413135026,1.3540138065140743,39,29.618567172689314
212,16,2.476440291490901,0.8813196018675729,3.6221558852769067,16,36.77415437228775
66,22,1.16316281107963,0.3959095587843255,3.90230867545483,44,38.90816756609252
396,9,1.5605199578337836,0.4135774282769387,5.181717194381539,65,43.05031366519327
120,66,2.6825076500149345,0.8467996127125863,3.850600879593596,46,63.063554473170335
21,85,2.315708420732168,0.41867172575361017,5.780111912832794,27,69.47577092825998
371,88,2.5288936487933262,0.2022970488758504,5.296922417435109,30,61.942432738317315
26,27,1.3245929461370713,0.5423309763919599,2.418069715940023,40,41.143314542593835
230,72,2.791612623122941,0.21002816774278,5.22948544909959,50,63.859407646005884
397,47,0.7661574512411511,0.9278338270634936,5.771627977514006,21,53.240118268516966
239,8,1.6450493997191415,0.7134505793433767,1.9145844950852249,2,21.98066565425904
242,12,1.5502561175109983,0.6664114129769938,3.8561484366542467,49,45.07215619004898
167,51,2.3162372579203225,0.3612716086898905,2.0499215178817454,46,46.35528816366861
68,41,2.5806826540360284,0.7599569483429092,4.072620034952196,7,44.999187429197136
237,5,2.1547345045793436,0.7418037149426766,1.0150354250086204,43,30.62570367501711
360,84,1.9043589667127265,0.24837085914029197,4.538034120279816,5,54.1539861095077
54,67,1.425830058036409,0.904677224648458,2.8090090572743858,45,59.134803451600405
354,47,1.624782200981762,0.6635306903438445,3.7301894827204025,52,58.71858692147525
177,88,1.6223207517395726,0.8339735048308883,0.6422432138792398,1,43.46802917120186
223,87,0.4488843368425064,0.4103312577030754,4.324928003656805,50,68.84682810513527
82,87,1.6073099315864265,0.2976382398027633,3.2279524477438386,8,52.48793520731074
256,27,2.4543299204178997,0.7619596585494277,3.938880542283131,18,41.612713764497464
89,79,2.1022576267413955,0.8351061490041298,2.2361738480689572,49,66.8392128725719
123,47,2.3097006931000115,0.5088268268954331,1.302010953817779,24,42.05167039865083
294,66,1.3371639754444504,0.218953820253049,2.894859180978781,68,56.82008336091523
39,78,1.6695357685910994,0.8546032197230917,5.691885167074998,67,80.71922855695425
189,18,0.4803605655930412,0.36487512506435255,1.7528671465959293,69,43.63694037919083
245,43,1.3191950612064245,0.47122555351799056,4.217114566193884,7,36.71452545015713
70,15,1.5385985077423454,0.7025848062217042,0.7741394921899776,12,31.382868175280592
132,28,1.012501359037796,0.2799637753690422,4.449548818968106,12,34.45032279924657
150,40,0.4749783495775596,0.2575966129107705,1.8114045274082118,40,36.68997412770104
272,77,2.056979461069485,0.22056301726021943,2.9833438312613287,30,51.152484793269615
391,78,1.4442106020372236,0.9333118881915643,2.5226420532712575,52,63.14111758045276
337,38,1.397627663469362,0.4491061954149245,1.1206218882454553,19,27.866491348209106
92,32,0.9999682096684214,0.7285270520937055,2.4007007388147663,13,33.2760633945896
26,50,1.690792957595241,0.9913881992141937,2.4256872706125208,45,56.41712708388435
39,82,1.4512642750497555,0.7355606348495549,3.371581014663634,43,64.0074595051888
246,88,1.5375627352698182,0.620075836684944,5.84793343116993,48,73.7677041004934
79,24,1.7940912362473167,0.6167359468137908,3.085096373808467,21,36.17744498821009
107,20,0.4151791533753649,0.5015337187644413,5.529343855979486,36,39.32423236398606
342,65,2.5784701684922138,0.6798237247640683,3.0385671220940544,64,62.872830931344346
352,30,0.570609752668195,0.9670331116365636,1.091488154812167,42,40.12336807403357
338,21,1.482219393558387,0.8304352269586481,1.7658409240176711,65,44.874349673765266
116,7,0.8976949005745154,0.53938129362659,2.7413472183168013,30,27.1515221424332
255,39,1.6570776864877006,0.4659558632260266,2.289528251336016,3,32.47131898654024
252,38,1.0725522611131308,0.9068252236984973,5.262061081428704,53,55.807071281096974
90,52,2.464015595350249,0.3086286605012751,4.2325508120810325,32,47.55128815822184
230,22,1.3512636015098085,0.8796682055714415,3.680696485552704,2,31.64993371018852
219,65,1.9330133338442494,0.4040614090738659,3.201762531801798,9,46.63669798360423
170,62,0.9973113475549095,0.7725033886207342,2.6849884005898677,21,49.084255880091014
305,44,0.44657476118564204,0.8449764646198641,3.8670584190760624,13,41.11886973608467
277,20,1.3699708854718624,0.5815972138107781,1.1853394099440955,47,37.224804423066146
222,48,1.6875675749398962,0.3538271809138195,1.393932535192981,42,40.640095268180175
295,62,1.5029131630282007,0.8758141947699003,2.1671399436818497,23,46.33504461271622
309,36,2.708834473165264,0.4940066760426518,1.4415153905359093,5,31.050609866165583
235,27,2.096414017230468,0.45654420838601545,4.2240429546364915,5,37.80819372910504
121,48,2.7896075215009484,0.6080129458827517,0.6362257677343491,66,52.46809706438648
308,35,1.1081442167535327,0.5480689928831342,1.3809762041671256,24,33.38727201591639
292,39,2.293727871057152,0.7464417736309794,5.464344602243418,7,48.60467175239136
393,34,1.7333403221118733,0.30975824669813234,5.986487315221478,49,50.621829876780346
76,30,1.8682248506763988,0.5485517232382984,3.181747628054512,60,55.30669654209432
179,65,2.766047681061586,0.9133614489801631,3.2245354016196703,8,49.515588837239555
371,44,1.969569279402681,0.22885016755178036,4.75369319230591,66,53.72536228475149
215,44,2.5571605416086025,0.5658706665226612,0.6990426769131628,50,45.14449139549132
378,60,2.1418005633261927,0.7284255731081681,2.84861815045538,17,47.305693109452484
24,35,0.7057266921394001,0.9101688696335883,1.049053349982279,54,46.54007687181891
33,13,2.07861690477355,0.6750289815465407,2.7050951046106726,29,44.436929728660765
322,77,1.5623574128451567,0.8595874169914628,5.911020126208811,44,69.96285312258387
156,9,2.6051151831576216,0.37815281516742916,4.6449830444184865,8,31.066587803832043
217,53,2.3364026732570924,0.48224754898228767,5.9177523162686985,17,50.25431160104165
182,27,0.6499232502573405,0.9537058191424341,4.60326744118831,54,48.91035645428186
175,23,0.7213975447685403,0.908780090474149,3.844605394936236,56,49.92855572624848
377,8,0.5670664043166533,0.6463623861509636,4.648214581099839,0,21.745731831328364
55,81,1.5837876993870816,0.5803906702358762,4.125004201340416,15,55.489487877276815
313,41,0.5938522220976472,0.5608539131635668,3.052363164460496,42,43.95882890879844
358,34,2.1368280077792656,0.24703172925361283,2.109004837028655,63,49.13619046931581
269,68,1.7256605954810387,0.9139016831652536,3.360979326338952,47,60.30050926219422
170,8,2.4061240421275416,0.8545196067322685,1.9217141064578678,49,38.95910409238402
80,52,1.071509892811159,0.5650009157822937,3.176719905431799,27,46.70234705325931
279,47,1.6459378819867378,0.42355197817557877,1.3037447325659728,3,35.3528878658255
198,52,0.6819512461853066,0.47433648514122445,3.6096730443352243,53,48.36174743213972
76,15,2.523064006360673,0.2985284686983116,1.8490602994665761,55,40.63156595335825
156,85,0.820011909495612,0.7774317930445782,2.114844571678633,31,56.304055782811105
385,25,0.645669403240972,0.6453358852438862,3.2446547798031364,35,40.621407384713144
120,62,0.8921214364556399,0.387282738259916,1.393894391618694,16,37.51425257462539
87,68,2.334955572935155,0.6984044576621518,5.793089359997555,31,62.94306399606255
279,34,0.6539548664432387,0.9833841714039797,2.958193734660819,16,38.05510177590199
95,16,1.8746259876115983,0.2979161083809434,2.437535762947131,29,28.514364428005692
369,30,2.1908351214763018,0.5667880085002622,0.6605813280091951,9,25.231622078565152
346,73,2.2025947851588907,0.5953270567377014,5.137898997117281,42,62.72866968369181
393,82,0.8561461278595147,0.33343777105904193,3.9420865341851137,17,53.01532824209927
366,84,0.5478975961062689,0.6252641687978518,2.790228351627135,50,59.784251426079635
112,24,1.4771353210533222,0.6847818068384721,1.8504303963616164,36,35.76038101935749
100,56,0.8859648285869106,0.3258756310547962,4.598255802714618,62,53.105825675999824
150,17,2.0782499416334512,0.3237791192071011,5.70011016657917,15,34.96662302343917
198,65,1.2560627191730105,0.885078972507005,2.5944533810861112,19,51.899184230098754
354,40,1.478449458479517,0.44910994933603593,1.241818376085772,17,35.106140349759066
298,65,0.6723638394441084,0.7042667096629047,1.1005711100000555,44,49.80064487556637
264,63,1.7621206877156603,0.7014184605401714,0.5349908478363725,7,40.090483084605985
353,89,0.8452580551165776,0.8713367004661081,4.591754924244471,48,67.92656277479755
265,46,2.029565586195849,0.7919157049852188,5.897674622459188,57,66.24978481190335
164,34,0.5708051741149449,0.8724611467506223,5.9604976401446255,47,58.57401942743351
176,49,2.742147021475176,0.7001718317205325,4.813084898886091,9,48.002096532260005
216,18,2.042864748605948,0.5595657284111952,1.3920107806282398,34,39.2102067807102
53,14,0.8361509627486228,0.5148532170504598,5.877402007522169,37,41.95437316784349
301,49,0.43382714910845394,0.5032238133291487,2.30297393651073,27,37.398028022797426
268,75,1.202710941292525,0.5347144783273263,2.33490785220899,32,50.983163005395994
297,50,0.7667518337252979,0.30344740172301626,4.280353240908414,53,51.45161365493474
222,71,0.9241871994869103,0.5391666968025337,0.7697705289094826,58,60.041046582179085
317,20,2.4946006202509343,0.511555925762097,5.041733514491576,21,38.61994245314355
380,43,1.8476911841220387,0.22765733065458518,5.985135020682592,23,44.56462946168007
236,57,0.8234983672693588,0.42010460426107205,4.762883779494546,14,43.58424849709673
188,34,1.7359825616498772,0.8015255797921734,4.7992207016403325,28,49.52584307341229
59,6,1.0138735682199838,0.6623564571277003,2.6467251881160303,38,36.76506964944409
315,11,2.742882074459414,0.8449339974048242,0.862567639586113,49,35.631850345049216
363,83,0.47861735263286864,0.6341504355046119,4.859670888289328,18,52.80150686705879
285,56,2.157564213202756,0.883267012380214,3.784369477976403,15,46.83082502216458
348,27,2.2551928628594253,0.8368536796813735,5.501362790171464,2,44.23911999961616
347,26,0.5611906334984806,0.2786276561137977,1.137795950917579,6,23.72498780593217
323,8,0.8124864741552438,0.9816050944127939,2.1781768470175957,3,24.05521451242794
211,85,1.322335981849498,0.21179795752106303,2.483608845478625,14,53.73159245283234
57,14,2.4835715836697627,0.6774704303436949,4.258038396995802,48,51.68983918304527
21,69,1.6887998522043985,0.8340092074534098,4.832598397067352,54,71.13056498508703
97,25,1.9727364400174974,0.46551531188072276,5.785612247214312,68,54.89790695972425
183,33,2.279230805096422,0.6788558338377264,2.1247393707828492,38,40.919621758471166
302,28,2.3874946920100477,0.48969802467795864,3.21500024710336,31,39.2659160544263
193,75,1.5430829034008346,0.24849198000600153,0.6592851154471413,62,51.43213140529007
28,7,1.6211035330563552,0.20676921527146475,1.8914333295988834,10,20.248142072845948
99,34,2.123214057010671,0.2758896240889507,2.557019294658022,44,37.53274817175559
392,28,1.0320216609655033,0.2787276752960375,3.765934135889965,57,47.112502086777745
395,28,2.4507753672772585,0.6887118219149999,3.089650214795457,35,38.686066127083805
163,21,0.4498883787420198,0.6206921847700106,2.5046128287734852,18,34.612120470979825
325,82,0.8698518453033393,0.5643706401385137,3.9324288159113787,43,60.10801107450332
293,37,2.320479863287608,0.7535371804819342,5.057386224143502,69,64.83877011532923
373,40,1.2166197085424133,0.21346090960995873,1.8292462314163407,16,31.144812928438164
357,37,0.7595987984615343,0.41678678513258477,2.3858173359322676,39,35.82904192338721
258,88,0.848211413707368,0.8219141850301024,4.377080073278609,3,59.30519854578933
169,33,1.673815364646567,0.9279816852136948,4.7786732931719165,16,47.38205928269308
258,34,2.4308356704279706,0.5506692769900653,5.03968279454056,53,51.130272546869776
141,32,0.5695617178506654,0.26518718411077313,1.6513217039336576,34,32.29847575041329
152,32,0.4731541818991586,0.8389829913827904,3.4659682868442863,13,34.223463829880465
251,12,1.5164035260084234,0.9081363466181869,5.4500610418890645,23,39.41252116164811
237,56,2.694849796128723,0.5309282165549756,2.6557275030032046,8,43.11251109985914
240,7,1.0696235281939033,0.39468420313622166,2.8643569962185564,54,34.132572920164726
166,24,2.702009293760916,0.23517733457835624,5.916526191453772,66,48.98671106284297
175,22,2.530434823816003,0.6728662575158848,1.1217895531787798,7,26.286421466975725
23,29,1.0795241833300266,0.9278955924499994,4.380810942038998,16,46.791080329801645
248,69,2.3606753542147523,0.7423104204162605,5.1760126987249055,59,68.64663710144723
238,55,2.0460815261651653,0.4537988783157875,1.3293643414870957,61,51.37504649759497
375,89,1.6283737333714172,0.7143106594319735,4.4294927980398064,53,68.73950395776292
211,34,1.4149987433028994,0.8656547259584204,3.083560221057432,50,46.98883503824133
197,83,2.357206614221096,0.5806640474795663,5.190899865710538,60,76.52823623990552
45,8,2.3033906384680507,0.8557987919982708,5.490987742597484,26,40.67841909571624
94,47,2.216647206262142,0.5135277413330833,5.298666967350154,62,62.573675932691515
148,72,2.79581428291671,0.47880454287661656,0.8541182566845702,62,58.915238017671555
163,50,1.5484299062593214,0.6663909007028432,4.662704022482358,16,47.70028320125035
157,84,2.336615146767798,0.571749134155585,5.568401662422062,5,56.95588835802312
169,31,2.469948080760348,0.9816895363688667,3.9174164236901206,36,47.6343652486095
312,7,0.9078461954888415,0.6131115388225399,3.804818332631696,53,38.63331661302085
69,70,0.5009594609273463,0.5081376231328172,0.7475296306896104,59,53.66805349149921
146,10,1.371396165252591,0.5159468345028291,5.208181622132662,9,31.72309550615174
81,70,2.456168042648262,0.6383519604904933,0.7552195845603884,26,50.79874064264472
136,67,1.0938478748668246,0.48392963040655634,2.224302835115707,53,60.36485168005508
280,76,2.080024369761818,0.7783252815719488,5.592246859079685,4,57.75590098003798
37,45,0.41763553375423046,0.5045303421613128,5.723598285012317,50,53.09864094286247
149,81,1.2528746375685706,0.5073155092201944,5.955452972617574,20,63.31353630963571
29,19,1.8772400674195628,0.6935785995014437,3.120212570870874,1,32.75530504020419
382,41,0.7114172561736085,0.24867749815680798,1.4758625050955596,16,35.9437794655264
296,15,2.551856589153841,0.724283934492117,3.183694677559961,51,46.91630312882309
112,70,0.7750575450809902,0.6039777737269497,1.0627210879567708,60,54.222548918437866
95,65,2.583504508009587,0.5624208914293134,5.2989485993348335,5,53.93301414958144
57,73,0.9193343408391392,0.7754023925663611,3.5829547829657766,32,57.80822123836924
199,69,2.786268817398018,0.8066046256038888,2.724782445417154,14,51.7601063685291
306,31,1.851396911909418,0.8770086907299675,0.9374188636444243,47,43.83059750763762
241,10,0.6024277466519471,0.49984249665395786,2.7288237224914673,54,38.557590986877095
354,83,0.5566653627487836,0.4616301538027049,5.264053846145599,67,73.13400314785041
150,46,0.579812071022725,0.7714736811956155,4.36873262862467,24,46.53049366934738
125,13,1.8157425934982845,0.6654438873123567,0.9535053463103162,20,32.66693282643078
201,83,2.3429900855857246,0.7054412370814533,1.3794895984939672,21,52.67980564916385
96,89,1.3671105802492138,0.6444183256846683,2.6576966988912756,53,61.79459498074821
390,42,1.4676058222764685,0.8181544185630836,1.0575629547725527,31,37.083162186791924
90,70,1.8142904887951072,0.35203271079372256,5.63722655596299,1,54.41608663679118
201,8,1.6792974514872538,0.6445697061931175,4.087606245469818,66,44.80896122937608
218,12,2.0513481594430485,0.32648143115490386,1.0215265071716977,7,20.578978864878646
41,28,1.5322857283912636,0.5258015514327936,4.834316043092534,64,54.21690790620351
197,60,2.113265644153762,0.73119505873286,2.526232607145686,11,44.28286147832232
192,16,2.793545782111922,0.5944572866513363,1.8467885450427146,37,33.69050105457137
118,7,1.2407148213970358,0.503673229337745,3.634917180668301,21,30.10967911288147
68,61,0.42931711099684194,0.9079760011324849,0.5735467321629772,48,51.390983845985126
37,70,0.7015001093239714,0.8182605715979827,3.0596871305734026,28,58.07464632630802
23,67,1.7284340439686892,0.6210326280003,5.140927462023432,25,62.160873235498485
202,72,1.226218689147165,0.9600425245403903,5.604316777920626,33,62.75365020977754
54,73,2.655958224891982,0.5394922315479951,2.384050874290419,67,63.7497093954326
384,56,1.9058706162577193,0.8304583420704847,4.033401234907744,17,46.06846711413397
113,49,1.648852446317123,0.3343489918411343,1.7475289110285845,15,44.09535209082959
267,77,2.315294803052845,0.4286339816884776,3.5811718904159,4,53.529282826945206
275,34,1.0206156905178283,0.4704684650671639,1.8971524938425397,51,45.10942784783737
208,13,2.367372496677663,0.28465660216361865,3.642460797450991,47,36.8104865885708
355,68,0.4073466516738231,0.6014438520608543,1.4444716451127702,42,50.04045016271988
62,28,1.8872256691257223,0.35380810730119655,5.676779062184089,1,35.91791579098876
108,88,2.6434171625098695,0.707348711559727,5.378046120240104,55,72.13552500346097
115,40,2.290863884881288,0.35207388765841463,2.353050371968619,56,46.20687516686514
71,77,2.448722061153662,0.2988050058714203,4.771645889087185,66,74.36211939127557
132,8,1.352691268411601,0.9752693820791396,1.02527271902707,65,41.38967924569117
138,61,2.378173470640303,0.726592244648885,4.571984997879832,18,50.851588817312596
310,43,1.7219959960726396,0.9491607317667909,2.053525212869873,49,49.284231919729464
134,44,1.8844965676076773,0.5919102335945856,1.2460297277172427,28,41.65121305638235
353,27,0.5413968144059285,0.22672197045069942,4.230051698469875,41,37.97935177296796
313,87,0.8837240732185412,0.6594969363451552,3.083937498006641,23,56.995236647825614
362,38,1.722314597232526,0.6466631094685669,3.4157678095174417,45,49.040840846957
59,77,0.5411225387763944,0.2119804847492752,3.3629138127585647,66,65.0504656016731
394,41,2.179472335810512,0.8889936355214654,0.8269639015831074,45,46.13226942957487
253,9,2.4161368204525635,0.6959765444931398,0.7825913700097236,64,36.65708239557434
393,79,2.6088696671075313,0.795752935500917,3.806421271714533,65,70.44848206304064
154,20,0.6442443020315343,0.5951368849260117,3.9312555329547916,8,27.452317469113282
382,27,2.65532859525472,0.6947219503266104,0.7594600608331303,67,41.89003671756183
243,78,0.562288018310308,0.4059759145828194,2.581416325382998,57,58.889582666144435
47,80,1.5377349182267568,0.9790062142149178,3.8706820375823505,29,67.10682980405882
175,82,2.416602449506748,0.5205760060381321,4.1117436066419195,42,61.06343349165622
72,41,0.5687467325546929,0.32986129707010325,5.055516676021034,43,50.218789944057555
377,69,0.44375457517356076,0.24473233469970188,2.814027559782845,55,56.425630013175486
135,32,0.4598745248959617,0.708937546468297,3.5154177963083284,56,42.93045335851071
104,67,1.6270485746464804,0.9867038809411646,3.682082065848495,7,50.25442283664426
230,47,2.347832187031991,0.9166355974770253,2.2162490581517544,0,43.12364866173762
181,9,0.7058240105742392,0.761683653989131,0.7960397134288638,17,24.02474610590684
56,40,0.6990646097908975,0.9924783431942887,0.5232425941280756,36,38.04634582743954
330,44,1.7645124521195,0.7782626096336853,5.098689788651887,59,61.10392772336017
341,26,0.9623094419486169,0.4714008987211168,1.601275023873125,45,34.572910208749
302,36,2.1525129643476975,0.6809745064481385,3.9664006528752456,9,41.42707559805505
254,47,2.6791249316241994,0.26381331398844926,3.6737611325415576,50,49.97403646067734
172,9,2.238480175840991,0.37734599217803266,2.697981922072854,32,30.959078944179282
226,17,2.5052208793093995,0.5340321887427938,5.084213197853486,25,38.36534726029701
217,70,1.647006538172009,0.36145479485043625,4.341208776313584,54,61.51789377256855
82,34,2.3975663301220798,0.9628008118625366,0.6250780489154512,20,36.223920982562404
51,56,0.8389676415680377,0.9964780213957196,4.771817403461766,43,60.930902841454305
116,53,0.5640349369495057,0.4967487360973324,3.2884934990096926,12,37.42984837008397
192,51,1.974287464299246,0.767383188861759,2.408606089955658,26,47.45463875448771
80,40,0.5246860090193343,0.5262165845305924,4.4978656108142285,39,48.220152833390216
60,46,2.541955405935233,0.3116073635089651,4.273360963054482,43,49.40625429288544
343,75,2.0597299530578046,0.4695414781616869,2.20823530827922,64,64.87149640108126
162,87,2.6852817409813885,0.3866973589725306,5.906713793238348,20,63.49649926899264
242,26,1.1533279751517655,0.4624625763259358,4.067896676914643,62,48.04106993692002
219,61,1.56677994208389,0.3720173507181732,3.831788418496415,57,59.783226603169474
299,87,2.1800568761082855,0.28987609524659713,0.8843419991497463,25,51.86950979036531
301,5,0.9826695651059694,0.37394274348993034,2.036253291896056,9,22.22095966274754
132,71,1.7004371682680004,0.9246056254638744,2.958357012795428,18,52.472588445800376
342,47,1.9827214600131473,0.268177340621223,3.96844137370322,46,52.685582923129715
161,87,2.749140770672899,0.45980531500418764,3.320199969017078,55,68.31461003180782
337,54,2.1872879061817234,0.6227599156021083,4.6966811340926515,42,57.901363910243376
173,76,0.6835140406697776,0.48361012494268546,1.9441224185734605,50,56.81039031364683
62,19,1.5408002833199448,0.6140856760151099,4.3618634740536635,7,37.889653254512304
308,17,1.8130498791749732,0.23473604818748317,4.991283757901394,35,40.29048652076028
31,83,0.7518955428744466,0.7188557066915022,4.707774865706243,61,73.39575894754276
313,49,1.4367185367545883,0.6507830412448482,4.739656215234184,27,48.07372214482531
36,52,1.0816139592059753,0.7447730126837533,5.38678881494191,62,66.02006240275036
98,19,0.6851861014288623,0.6538062526617896,0.9629819836426923,8,21.307889486605777
249,24,1.628900640312291,0.5503228659405306,4.334553642557567,68,48.25566911613468
377,74,0.797519394429629,0.480113233835266,5.827730106140535,54,60.78569148967934
175,30,1.8172897806057362,0.381148152079821,3.65507857430996,43,39.31542043897193
65,54,0.807272637380477,0.6000541814452901,1.6952397159141595,43,53.79516648213403
108,31,2.1366278166467705,0.22084196190200558,5.993145931758171,65,53.11470095145222
360,27,0.8685798952712089,0.4625926624794606,1.460725110518134,26,35.63594496841179
296,19,2.5510842418627586,0.7422978348516236,2.345567335561726,11,32.50328807338503
58,84,0.4629024557171413,0.2869736317490874,1.446342036294423,64,61.60396032680389
166,84,1.6527937289097663,0.2503129938556229,3.0548207781253756,7,45.34822831307073
120,14,1.1682514381277125,0.7217428842330922,2.8038180528602705,46,38.03888447570196
87,35,0.9401836618590179,0.5182197769138802,3.2018249308081503,18,41.902220439555165
341,52,1.531846669996355,0.8414600292395049,5.603908700304863,65,69.21359786533323
254,37,2.4208468871782256,0.9498490431770592,3.130784122088238,68,57.93379820089035
88,66,2.596665293263957,0.9656323629860617,3.3304447941750426,33,56.39631368393171
267,27,1.1277966835548299,0.5404742831153434,5.376751582551575,37,42.483031030135166
177,10,0.770184693028171,0.4114617794200259,4.9976689670815775,31,32.42645038174372
43,33,2.128337074159137,0.6868909909939824,1.8184711717399433,29,45.501145404691904
190,55,1.7967969410943718,0.7025543407425892,0.5710927537586761,65,57.162979364950466
90,20,0.8824387568261438,0.6978759488607174,3.962247757111281,20,36.11568680780032
113,74,2.2247098914098475,0.45742289097510497,5.14667403110636,67,69.66155636678414
354,6,1.6454330445811385,0.25100138913384246,3.5406756193572004,45,37.518756577929175
289,10,1.968148478817778,0.36800387106047916,1.6614730600706484,67,35.637948963900314
70,48,1.262413681512133,0.32353554241778704,4.577452998714188,42,51.95558755305941
343,48,1.4538341471257024,0.2991202766266482,4.182466054361985,57,54.53300395092306
238,30,0.8328210360998614,0.9410266568572585,3.6076789557470406,34,41.38000031969305
352,26,2.215638082348818,0.21107811677917435,5.248348957115411,32,40.3733993801611
303,10,0.7768271779643006,0.6814861913890573,4.81333294116468,18,30.97990995208542
148,61,2.267926227402547,0.9579790365921095,4.173736502825292,14,56.471247417390956
223,37,2.3152188517230066,0.4880425019953023,4.156172679627701,2,42.00210509177345
221,15,2.191842313732292,0.6216784713379699,4.142114488640512,26,37.401850718283555
293,38,0.44661469134097703,0.7566269307801277,3.3884060970411016,69,52.65570413104063
114,84,1.0555197102560165,0.4537357557265911,3.0515690455411586,65,64.48600932850651
146,27,1.524010582700353,0.5821215901657993,4.402802527242958,48,46.59262466700314
113,81,1.8293065089203098,0.8536822802662016,3.857719648086271,25,59.16779583994297
132,26,2.60613303848572,0.7962845322242109,3.194893092652987,36,43.38411511892451
81,20,1.3014543331088855,0.8467595291942727,1.1966374465107288,52,41.264749471533946
33,27,2.5000559650574896,0.9898721309021248,4.36060833759241,0,41.272252336776646
377,32,0.7922302915284077,0.4962619799489432,4.052992138178809,64,49.422751543228934
48,15,1.2910731700207048,0.7976730103486185,2.3823663428542696,60,44.76643193845543
357,54,0.5254768259711752,0.6822276536815863,2.459777414182922,67,54.760328291683564
21,33,2.1819742985334933,0.7332838137769571,1.8569731127438875,6,36.66927924378361
315,66,0.761566617838991,0.7918991238663475,5.790533910007603,66,71.06378874733517
144,46,1.0168480375562987,0.7997850535570519,5.231107495777975,42,50.13942808984011
216,42,2.2605598052637155,0.9085961194358558,3.585769661767192,38,55.032198466600605
127,45,1.683320121814504,0.47945734018884434,2.7090923060718284,12,38.326918034058345
206,18,0.4335345266043102,0.7227850848895285,4.552538950330328,34,40.650426685240866
191,65,0.40536449139375313,0.4242323452774847,3.4025049686929845,25,49.40458789897203
221,13,1.6255855161757529,0.6756549640935801,5.867180686533127,69,50.43692494016817
169,66,1.1318932329980675,0.8009401121375423,0.8031743765718501,23,43.10743832354714
223,89,0.8327474703884251,0.8328008689293123,0.6885715372941132,15,48.068508464199034
333,69,1.8726254505186661,0.5360996023912983,3.6273605988535533,66,64.00830385382204
185,43,0.948247532121825,0.6069761785610879,1.6180357247889872,13,36.34924411643857
157,31,1.821297159243875,0.4670798809361383,3.8236728995260583,63,48.83829106035924
70,79,1.310238281407055,0.3352290772317044,4.797826657009476,67,71.93227180597164
156,26,0.8481909224074953,0.4084139241540258,1.2596036865168005,21,22.207468184781717
67,46,0.7314513708849968,0.9297096039198596,2.9233452330424035,48,52.083589178579686
89,70,0.9684654475054914,0.4471756339274528,4.287668958971453,55,64.74124651035079
381,83,0.47159705923116424,0.9798074668364882,5.086249638701342,37,65.87543404889726
53,83,1.1395047088870442,0.3931824681723054,3.229892495199965,48,61.70503160304577
203,12,2.564691256436306,0.7784568699848358,1.6338447279831187,9,25.39583142107026
337,81,2.3952691021192676,0.6591226348574686,3.7218959057209813,36,55.07871013673508
382,14,1.2928090161271815,0.7574960396198389,2.999843877987497,35,33.4358773347365
75,54,1.782000684596329,0.7151663572873448,4.745589848524673,39,60.11359332180896
82,84,1.7616653416337402,0.7653988668780713,3.5556683531162143,66,71.0695519489543
161,60,2.3889700940649092,0.9244376387483673,2.0368256473373694,57,58.048569312018316
230,85,0.9670962436407174,0.6507755968499851,4.649161058466535,42,59.57573799035348
384,34,1.1113299731032296,0.2542790263231962,3.3476085712907784,28,33.19369262077852
98,31,1.1242850409894676,0.4166603475575197,1.4765060375308012,28,36.041714068346344
82,32,0.49808797545201844,0.7665751843270112,3.5968977772809696,1,35.50792706744956
116,35,1.1552508718940613,0.5952597023805387,5.7157603291523005,38,46.074962283926055
352,63,2.5069930638112163,0.6388415860957495,4.380339435157548,17,51.127158605634875
31,43,2.588770354171554,0.6772643643042332,2.143418488018884,62,57.25214909664504
164,67,0.6631248298445209,0.506103418387656,4.40980246411072,54,57.09969057990012
65,40,1.4993404998842355,0.8191164200702843,2.0543347105119842,63,48.526779537885
79,31,1.3152373638103338,0.7788279071172388,3.48478860647694,69,53.73141001294889
368,21,1.5744620718961309,0.7714395297544911,3.39627670083154,28,39.503480889838166
20,51,1.7313268577408252,0.7722481392279559,1.8606498340149202,29,51.58176541173329
142,81,0.4486210240425906,0.9122864013233982,2.413346599338999,42,61.89341221672841
367,78,2.4213813950107856,0.6763142235546196,5.681998001323251,30,61.12825926009224
251,26,2.7367937756160123,0.9736577595975666,1.878291950284885,19,37.4628044029677
47,45,1.9681715488087415,0.2953541475125103,4.905648739970422,49,55.296212481065325
196,64,1.985085372384086,0.7055671812750914,4.17053819006677,31,55.85876847255358
388,57,1.6671516587937,0.7735412367486365,3.429460228891705,65,60.77016998633599
172,10,1.2022561881145162,0.5817763287634876,1.256331782058399,15,21.298868936722982
220,55,0.7575467780308507,0.4305667091655492,1.625139139885078,31,34.471772942536376
222,8,1.8017520224705215,0.6400299621688792,1.4843769297472216,37,33.45892319467715
270,14,0.507859368422097,0.4917981442325622,3.727368424355638,63,42.77782756371337
91,60,2.3788061624604975,0.9272992568542533,5.853607581951629,40,60.827189261727845
339,13,1.410188078729477,0.48543393002660395,5.324815945262471,4,31.829395942577257
395,33,1.3954101379887396,0.3405655941617033,0.6388853561126748,23,28.87549717153222
74,55,1.1852100603421738,0.6611113121323623,2.0054964345429056,62,54.88913455705393
330,60,2.7264493328766073,0.5167940731042955,1.3649160241536218,19,42.11161197722588
330,42,0.8198006866497252,0.27671851584067286,5.86622813043846,23,45.97564512834203
301,12,0.7631387715405068,0.6518738807983266,1.7958562902879827,10,21.40465957248815
160,72,0.7972756037080724,0.6302771289325612,1.6072225177133665,50,52.26842126165822
198,85,1.9804659588418336,0.33855766930655606,3.914814114702426,9,56.32897622829209
338,80,2.780548764951036,0.6781105351678743,3.5590262096613254,25,59.219289325575296
78,68,0.9651404089642113,0.6538871790859913,1.7421831607967917,49,55.122035685377966
334,39,2.5734817529619707,0.8188900984332728,4.187006754954832,62,59.80151018009311
369,79,1.0686797420996137,0.48925594387410754,1.0335396621207904,15,43.84718146189576
279,46,1.9549598083007202,0.39900761893091147,0.606529863169907,23,34.796434142161594
149,16,0.49719748464008257,0.9609759095766204,0.9532813488849076,8,25.050742250272776
232,77,1.5895695389828535,0.6489740182262305,2.5067752428667496,30,51.14099842609955
39,32,1.9709679190695564,0.22171196710734425,5.862589803311495,69,59.8215160999369
374,84,1.6871674653343085,0.8565693472893947,3.5098584934515014,21,57.48310847523695
150,36,0.9708049237162987,0.35740644873515265,4.650993566585069,18,41.191569074538684
41,78,2.388392675842997,0.8288290541166747,2.2682266372735764,27,61.781378686817845
321,50,2.7283276269717764,0.7641299417247718,4.456364860158311,62,63.44337727604311
269,44,1.502070629660957,0.9750509794105258,5.813996589672966,38,52.549255311175216
256,30,1.9262062364542087,0.972463441275621,2.467684896551293,42,44.90383422990404
40,76,2.296991844029374,0.419528499724608,5.994826891042638,54,70.06447839348293
305,10,0.9795737454923056,0.8131596649787347,4.011254730674164,50,41.11106696344824
262,44,2.474680916629085,0.4534840686239392,4.617252768555981,41,45.94397296240144
321,36,1.0724821727439942,0.7033583510636754,1.8869198136648246,39,37.29423275820439
334,51,2.261993928436573,0.6781968679636745,4.036999230474828,37,56.1113445471646
100,26,0.669038157823413,0.24363481249693175,3.310534383043131,12,29.934133487930293
100,61,1.0921280881940074,0.20414539986828606,5.760214550125898,29,51.68706321424523
371,37,1.6806878414556827,0.2462112116758476,5.475712762842335,59,51.00545701425522
221,20,1.6598130296903562,0.3023536380253929,2.6816992940879247,2,22.11128281791056
186,21,2.441034842767279,0.40612199307821895,5.707783633460283,57,50.925748129517984
129,64,2.790705418332657,0.92556417859405,5.366469040125053,39,63.76765709737997
262,27,0.6573060300643375,0.614906140277349,3.7471111770302654,24,40.81424894734213
306,31,1.051331518780089,0.8375133910726309,0.9516484983424716,7,28.738472503751826
20,58,1.258235704535382,0.8706494016857664,1.3843463236274576,53,58.21301122217268
230,33,1.549404178744012,0.7879544788724331,0.9228083457059012,0,24.872302786281224
397,37,1.5853833835705577,0.5131080995364576,1.0939621305698357,38,37.63826619996863
126,25,2.4548681515562,0.8910875150727862,5.8732380591619275,11,43.94858021149462
126,34,2.249342326684239,0.7936398026567366,1.6669201456888376,63,48.57009059680302
353,63,0.44524378969108797,0.7945211547240421,4.299700202873646,12,47.50004780984685
43,50,1.492052225399651,0.9212594617324554,4.0009054172552325,56,62.93593703762164
171,89,1.8833772117858132,0.678930777966147,3.9712967566915207,40,70.22629068955798
194,70,1.504949409023256,0.6228595439697413,1.6368719977781638,2,42.517818480199644
323,6,0.7135486144616856,0.9121300460776602,3.6864062691153525,50,42.21397427916237
69,37,1.3539378008575556,0.5635693825313575,3.9404609227172336,61,55.522586043650186
184,29,1.3879736683113666,0.8492565568230743,3.637229241548111,15,40.8709898764965
77,54,0.8505182138794211,0.24307708835584618,1.5238935700162326,67,49.92252215268164
319,27,2.215137074730288,0.2010319555650577,4.476833283910899,55,46.22078282913375
260,87,1.1713616323419442,0.6226339916834855,0.9028373905408107,51,58.88099941696549
208,30,1.813569497364679,0.2588895150531042,3.7516000650079206,23,38.14967922713755
169,49,1.6377524343010421,0.9812344107624509,2.8994263282072232,8,44.90804474927043
78,15,2.505824990119333,0.20440093923183902,1.876576262231905,30,31.221974099044917
370,82,0.6928358364708116,0.7745197091989171,4.940639439643763,56,71.75388707638733
266,82,0.6742312198083044,0.39470775662897656,1.4674091166970114,41,52.008826226290346
141,72,1.1207672058952378,0.974041604217645,5.63139967943873,45,69.38867768730606
177,34,1.434915923502004,0.505233320502317,5.365107655766528,54,54.84962463145429
295,9,1.116501397005135,0.22182674101109212,2.483231509391456,23,26.387049451493827
293,65,2.231648997748585,0.2215486123270262,2.178341119722263,2,39.991408658735864
195,41,0.9886380234623192,0.6426986973797508,1.2561767588039618,61,48.59623759798238
135,89,0.6034593826533874,0.9893695832250249,5.539802987636757,42,69.02036465218448
270,64,1.3931195437219541,0.9838188280365756,3.951425223527996,39,59.56454393673092
270,50,2.2561102915323614,0.46981837783141267,0.6748097017887174,40,44.192755182859855
247,88,2.441348664608179,0.5861629193511175,3.3104967800888576,59,66.64926520312265
47,73,2.160027636072042,0.2803646446382529,0.9718942130616279,53,58.4573453893577
199,43,1.7389280283993855,0.6177414847933853,3.65562876724063,46,47.32789817575971
253,6,2.138060084198024,0.6797612792386185,3.299289450764469,54,39.024906907222295
381,12,2.0353348847292674,0.40084933248905685,0.955653250264971,20,24.35935764252284
219,42,0.962479917988146,0.6896915487321391,4.987233262142251,49,51.656084210375454
150,52,1.721821341287665,0.919754201357003,1.9427444744145272,68,58.220435408439435
231,7,2.249462398332237,0.20076426673878445,3.4781640029168446,16,26.547331067660355
87,15,1.1610895885003316,0.3831470194463556,4.014713821467939,39,35.28304137986737
54,64,1.9695355521206355,0.3679356506591505,5.792674934663416,47,65.89424050813928
277,68,1.5555530260451165,0.29910896242706164,3.2159643108391527,36,50.351941146343535
394,7,1.607581242268048,0.33288097018968155,5.545236747583579,67,51.51616228849046
341,48,0.6161320906771833,0.7007300362923101,2.4517153774123437,28,42.56083445690791
241,11,1.9989211967329115,0.28215551212051415,5.215904609074972,15,29.157906167355964
35,66,2.477648884850848,0.7908252872165773,1.7970442482327922,9,47.73353913911999
395,75,0.7394350912620707,0.9096180724467067,4.391138693394797,59,70.67953467530148
190,78,1.2786535893194784,0.9412701793426952,0.9873659656524808,48,57.48790877502304
130,55,0.516801891618004,0.7281406514557607,5.923276961760126,40,53.96822182711177
359,58,0.47111652634333867,0.35791712850689283,5.746650199243024,30,54.091212705653575
303,83,2.7751803920121847,0.2682372604319263,2.9321750118455774,28,55.45684422946204
304,57,1.5843316199353232,0.3856199630455997,3.3816436989463945,65,59.36722462693555
125,42,1.2532456447245912,0.969565748628034,3.7877617427491215,47,55.16547044485568
396,69,1.0597049839000454,0.9698761614005698,2.0127065782931854,67,63.779341635679245
192,55,2.7520303478679016,0.5055351071346736,4.209592893628394,56,65.69445376009126
221,76,1.0054018852520408,0.4606332328780405,4.3420907063248375,53,58.70847640639606
305,49,2.1417001497705836,0.6080084658072523,3.387920707789016,38,48.23805881024171
270,78,1.081019429934241,0.4333504731739206,1.3125738086686973,16,45.05087350602181
85,8,0.5691748128566059,0.9837299613244508,5.5555226914038,45,50.22795988442953
134,8,2.0398638748430593,0.37697711201966194,1.1327479529008841,50,36.00293648439238
157,13,0.4039140343116757,0.4953141457462149,3.960446927907813,36,37.69005998885817
380,52,2.021796427745367,0.5434967005601427,1.0669872813536532,1,32.42111387622223
291,65,1.0009038375755754,0.30005121846492977,1.3035539002310743,67,52.42716016573955
159,23,2.190650156971603,0.5062598614161039,0.6129607271585595,57,36.71738083463103
299,18,2.2474004016415585,0.8853845760815788,2.4985024612121776,24,33.87877855257677
300,78,2.137857373162091,0.3122888011654068,4.017704104321208,34,62.098619860590674
169,68,0.45876025952226496,0.6672175606609498,3.368493208530796,8,45.34893294559553
173,60,2.0889678871450443,0.5253097104480134,4.209965331866671,65,62.671442653726025
359,46,2.7763494737338315,0.3364293808939638,4.212603734790241,16,45.90455509460377
233,40,0.9823008844614949,0.20986893155936467,1.2709555919683126,26,28.850596555121143
76,6,1.0581725733408125,0.4186746427919202,0.8153557188194356,29,24.29344894596622
293,20,2.352463718993295,0.24946316855840156,3.939469772390684,18,30.50136673622876
244,81,0.7849523321345934,0.5014147770373882,4.092733677363834,44,60.84073669467386
213,33,1.9854008212109235,0.8481678845594767,3.5618705432793747,69,54.09177312023562
295,64,2.2120633060013883,0.7757482087020899,1.851693564782389,59,57.529855771648094
364,64,0.48918558836645726,0.9579069693614135,4.959208693402396,37,59.74471954890354
145,31,1.7290290262365429,0.5416123338696553,0.916273085229414,9,28.92967330417266
179,22,1.7821054204861189,0.7662411188734823,3.9777148412674763,60,48.61557489738334
92,63,1.1282629537403062,0.7322733776816162,1.1622634473365467,17,44.377566502845546
265,12,2.5032272065540413,0.3736370425266077,4.099462440382763,63,42.59884358209648
173,47,0.7905993263196553,0.4428660041861268,2.7974918330292304,27,42.895134078129104
150,80,1.2740673028140652,0.6238636267182083,4.449566804907192,36,61.28458142904406
284,65,2.43680484915359,0.8373258552047376,0.7870571136231408,30,48.41200237642983
175,69,0.857542615854382,0.5694501875703462,3.552956436642024,31,51.109397365233434
196,12,2.37129792718642,0.38219322894042185,1.2968284438404378,11,22.435556173363533
187,21,0.5897660256830937,0.9947725522242958,4.253098973857606,38,47.8164911168949
118,28,1.5741497612559763,0.2924630450829348,1.1597559722142532,28,30.70051095874486
67,29,0.5807935898696882,0.9647111259930623,0.904708276235592,59,42.29623488293685
334,21,2.0269686041476342,0.847237030744391,4.422175390009869,33,45.79254439078036
54,87,2.2974435737334407,0.8711148154462816,0.8494256401255528,67,69.45361737484808
143,19,2.4396605157923266,0.8359340664731996,1.7349194986233385,20,33.793524750887904
273,65,2.7550294017855728,0.3665367530436976,5.036043584191197,22,53.060572908497015
69,54,2.0128377335190084,0.7060659019161935,4.9532856929452445,2,51.52981560934289
269,56,2.2457485932160486,0.8053998499607455,5.197691667794269,51,61.285575970325986
298,23,1.6138198679711904,0.7965486336813212,2.2935493927379254,5,33.35405757692802
271,31,2.5905685628347026,0.41725229643526207,3.4042641581261512,19,35.2671768667956
135,56,1.9450201172787103,0.3448955102109451,4.753410439333836,63,59.823908181940595
27,30,2.520523375003224,0.4624983871316394,1.2534203325609425,42,46.74171866179405
357,63,0.965084840833314,0.5838755843019134,4.48414983568645,39,56.300905331235704
144,8,1.5921706737233543,0.6590245976509412,1.0361749216706004,56,40.21671845142562
325,11,2.1515654105531294,0.8695602898553283,5.522878347447772,54,48.36842494829031
95,66,0.8865322109504399,0.8152273821636928,4.005206003813942,62,64.94081287003871
81,57,0.9072155038287478,0.7409204205332129,3.2131792197936573,46,59.69663271103024
315,8,2.7473025769735298,0.4107914343542085,3.166010900669403,31,29.047091040380963
377,81,1.4430648657692946,0.5831043991479548,1.4974912631470072,9,43.07325722605601
347,5,0.836357087017052,0.4683486993023689,2.402545548500595,25,23.254000128928794
305,86,1.1955133167556145,0.38794254364042735,4.49918015924432,49,67.55081771289784
113,67,1.3537027558382215,0.20819628830678358,3.4751899146991367,17,42.079680239534454
367,88,1.8954046179285307,0.4715695764565525,3.411184122551446,46,66.12065265993571
273,85,2.615235181714606,0.4048930141716972,1.5738524200006867,9,50.670411733769676
85,31,2.7678161822130183,0.6575218615734533,4.296992715745262,4,44.21946232372583
69,69,1.9640770213866698,0.24984141622696976,2.6561864558374264,25,52.92316912979974
351,22,2.079813665914539,0.4164156773681609,1.5051433614119378,16,29.13618185354982
124,45,1.1723900072718136,0.2358155919907323,5.690816133779811,61,59.569607217342416
311,25,2.4571806290769977,0.7131343236107488,3.287393107760828,26,41.080309505219205
72,46,0.9227160045287557,0.6545516468549,3.40420156131801,29,45.48490657314543
126,79,0.6553135583463222,0.4699840184595786,5.897545506181434,28,57.54677788476123
127,42,2.735814376234362,0.31786768034843504,2.515233754437714,22,38.35101153704514
126,12,2.4739328243692773,0.9663358662149881,5.6866137650934725,64,53.903283673057985
276,32,1.12874832289152,0.6675139579108907,4.32208948624514,51,49.42838535243417
367,71,2.020409719314518,0.7432906932576544,3.9820259800963993,11,47.5017843424803
365,49,1.5208440577916789,0.6250790026155615,1.7893006606836432,15,38.325041640656416
301,52,1.17550769474913,0.845226598116964,0.7846561981328456,5,35.93343485374835
96,41,1.0882581058247076,0.9171040396384971,2.907811110568263,17,42.74262031603196
385,29,0.7264658685301756,0.5061684348781039,0.555940290976488,45,38.8169231935253
225,55,1.718363397462014,0.7520202497844886,0.890513809237109,65,54.625644600305726
227,58,1.4718320562820186,0.3839099876371176,3.7742971563190513,33,47.614368296401466
286,81,1.6292474087198663,0.7214840377296308,4.4845950819016505,5,50.48154890214806
312,57,0.9168572019505707,0.5193245039812422,1.4237158255835232,3,37.13141820659135
382,89,2.652665609855794,0.20542527952104397,4.528752269705756,29,59.94007524924017
241,75,1.9326188711932994,0.9644222947380967,5.723492046271135,18,64.44212603200296
251,11,2.5590415777200084,0.8947532364309752,4.587468443994082,40,47.223898839950934
303,38,0.662250798478613,0.43266924027682274,4.815933707662681,8,33.58938733382327
116,37,1.8948423180548195,0.9982058513862884,4.353919191476045,16,46.594995284869654
136,5,2.4387083647459864,0.4537021396452273,1.7360559225011316,38,33.2078390756284
257,20,1.19420987155472,0.5670753491672598,2.484894681857098,19,33.049553254563655
44,69,0.8683436059263674,0.8810072209395337,5.720968295233995,25,57.623052014462345
141,34,1.0360511339334872,0.4436770810624327,4.136658184335653,15,34.94366257896583
292,17,1.0550409441995177,0.56043222751,4.839636036637398,3,27.351386460611565
390,29,1.4732775158164846,0.7324697336986044,5.827820403645726,24,46.62612516188975
217,28,1.1823126466703957,0.3043740438179426,1.7729030628196616,23,31.420916352222118
171,19,1.0510577744991791,0.5378802949533742,2.269276670296044,62,34.40234848209075
187,13,1.956429516172331,0.4475279498893012,4.046409090589748,62,43.59950437632402
280,69,0.5272776920125227,0.7414194446918545,0.6339661058120403,30,48.38787996588617
226,75,1.2168730675353518,0.30877551204829745,3.6417049253353815,20,51.13916566537293
28,47,2.0554047182571398,0.3861851832807499,4.947786087329743,29,53.607435067823246
224,57,0.8220393982744143,0.7691009630019863,3.8574385560326885,42,53.45814127569577
172,83,0.9302268693109897,0.32497949577929186,2.1246630614286097,27,48.71103937976859
286,76,0.8815999009910019,0.5376154097919118,4.482572458348339,52,63.4804023911597
352,7,0.40222265615537184,0.7703045776740951,1.3031739357397005,67,36.869758158746535
385,86,1.5370426043957743,0.8123747075440042,5.421254081031842,28,67.70313320544842
251,10,0.4935010945986957,0.2759049429373348,1.0550326707225048,8,18.352325472789914
157,7,1.0550555482597603,0.8815964875355826,5.249201235693391,8,32.4203267680616
188,39,2.787528219020732,0.7791778409039731,3.2379518525492785,61,58.20271298475636
87,68,2.6041509073367193,0.471435670954651,2.85755851918291,29,52.601259463938476
375,11,0.9161819395752021,0.811042281864192,3.2536396831648724,22,28.077024670293838
341,29,1.1440058365934385,0.7826390922725273,1.6011346670110667,43,41.097113631257855
344,27,1.5128909974445235,0.6807129812067085,3.017270687573475,66,49.298389740563984
144,38,2.426592511982184,0.6467849387246756,5.173458987442622,29,50.461514758533895
142,88,2.3263502593434184,0.7877627911196685,4.905253832203394,22,61.9454204011365
345,33,0.7029794477590772,0.9994079213643636,1.396766939702311,60,51.079237908346826
226,22,0.6986772360360451,0.6628417994527083,4.203815379709839,5,33.2775688036466
287,15,1.4001574093457072,0.8469742974097985,5.212604957309839,59,48.80108503058235
206,21,2.4882289350730527,0.7954189738524664,5.008721737403451,36,43.85304483947448
188,16,2.5170039978292054,0.8846467216270606,2.840978438134498,1,32.725433951339454
260,53,0.6576780392476724,0.9636198891073107,0.764510621903637,15,36.2814416276574
328,40,1.778313491117324,0.35446656596865217,5.621431826355621,47,58.08092172261396
146,47,0.7736204731002709,0.33236770911609304,2.6773681371643407,52,45.388050372229806
327,75,2.0467103440066787,0.6690814627319207,2.4853715049098906,13,54.775962851222104
112,54,2.5994397950293755,0.5594360503092035,4.677332194633471,46,57.44634408258299
173,18,1.4914463019414246,0.6565781543353354,1.951847185206124,69,47.717002390411
366,37,0.5993986592609236,0.8384341875884069,5.0911135774201055,48,50.48622085765509
382,31,1.7902100701469092,0.9453715840393973,0.918283584506236,49,43.17083649823165
371,75,1.380440008326051,0.5339326601588466,4.57391160393916,13,55.359871961611404
140,31,2.3461570056015044,0.7743461164348997,5.811842197428424,44,55.15982293508998
340,16,1.2168267134233306,0.3574393502731275,5.976728382807955,49,47.242248102648176
375,67,2.499753281134214,0.6276415594836189,5.580923980352915,7,52.97813882553072
391,41,1.0568809783234836,0.21744382222441594,5.2891932297347015,21,42.415662256351084
27,13,0.7780423261328463,0.6030004537064776,2.0338412345175163,61,45.74155456983316
303,63,1.1355529055645919,0.6362691673004,5.816565994463702,69,66.60055938393154
398,22,0.48379790037459164,0.7883562686226651,5.603431265978941,12,39.071795321710276
310,78,1.0749903204981792,0.7195878321655933,3.439048788638526,51,62.68120052245621
108,75,1.9842823213168739,0.48671738744464127,2.711427099165238,35,56.05205898601943
309,36,0.7414791485358216,0.20458472057049706,1.1009698945700352,41,35.117432869674914
59,52,0.6672759346878112,0.29238869889835917,3.748487428038186,35,46.54691131620717
202,53,0.7177246990104409,0.9784485228139619,4.353002716872087,60,60.18949071401157
257,60,0.5861240182275193,0.9378665266522448,2.7219812074984095,31,50.8741723582914
193,10,2.4991249884230546,0.4600745304649163,2.733162583467925,41,34.965154950002784
285,32,2.6658762771916673,0.4070823519391102,3.653212648928671,46,50.403648787234715
111,19,0.511746764149087,0.54913303495203,0.6528125274893899,38,32.03569518332499
250,64,2.2241722757044964,0.7519520236896582,5.76826243012712,61,70.02070961918173
265,10,2.1691641921212748,0.48546213812637895,2.094481389031902,16,24.339261735673517
260,48,2.7925826190640968,0.25383507818492446,1.2748997397288406,66,48.591438498464456
129,66,1.2348895881305637,0.5222360739555172,0.5301861787402472,47,54.181800922308554
136,85,1.0852215800569989,0.40847119558514555,5.212903477621423,67,69.44294911044942
117,29,1.4873970899435855,0.4599440089689695,5.2476405668981805,26,42.42058930075646
195,5,2.455780425158057,0.33036579662984356,1.0241863248474057,33,26.68135163462838
242,66,2.148624742090957,0.727072055556518,1.3373271658884054,3,41.55264579400688
157,5,1.5318971535220065,0.62130474659618,2.9634622719177237,64,37.61165149075806
175,10,0.9869508238860957,0.4166904938362834,1.5213729518647359,57,31.619571462749
128,89,2.1448377790440905,0.6430899850449932,4.5470162526021625,20,61.07825100090714
103,78,2.4508644833012707,0.5941662777337904,0.8192186013814728,3,42.87628376138874
269,65,1.3598829545619782,0.8367798852528223,3.5234013281222634,48,62.87822264611853
330,76,2.004605069970362,0.9647874154721614,2.6053536081264728,47,63.05955119409464
130,11,1.3605088508238357,0.3045364071829248,3.0572056603073836,36,30.300986790437197
347,12,1.5483842515395634,0.9071307831263864,2.8361641473258095,10,29.855508787328034
236,30,1.659784911891793,0.7638375506279218,1.3423755039405951,64,47.92606054483134
83,7,2.261741953653467,0.7540428362383238,1.7115481691970926,30,30.767820782450777
159,80,2.7460143619094346,0.49944071771397786,0.8564423440073463,50,60.58413104996394
22,9,1.4664787903317578,0.47512655637193685,1.1340706641448919,60,35.965547276229465
34,51,1.2215560149942541,0.2045115878580136,5.878421523304032,38,59.01146221233389
147,77,1.296618415533739,0.9857638997098463,2.0388274642248856,6,49.41759410662608
192,67,0.721333766500436,0.685204665898439,2.188640466367603,62,58.284210726377204
323,24,1.1126529707625346,0.5218628991391403,1.1990848173766657,46,33.98378622233479
71,44,0.607473791845135,0.6350150575137429,4.653403124732133,62,54.55496329973486
338,51,1.4269462316301933,0.23242162727701,5.5827854560300505,42,48.944370849325594
109,70,0.8016574463465174,0.33892076423333506,4.84362795386658,63,61.66593811169907
72,41,1.231376190338581,0.698687939970722,3.869387061887945,60,57.127975338586324
285,29,2.304586598539855,0.6114093837468961,4.972781035858169,15,38.72399217310412
314,72,0.9902263614139264,0.8296598583421064,2.723266281130721,12,45.33156148496901
249,80,1.8685470912209654,0.7269941523562697,5.2272354529437814,11,56.41826041449102
63,46,2.5628354061966707,0.6811485407835098,4.891853673010001,55,60.39041721657806
63,7,1.7606300488709126,0.8522125634442508,0.5094855434097546,16,24.97290167911228
168,47,0.8651022706537904,0.2546104844415205,3.1828677420463434,31,41.48631028943869
191,80,1.2274388655182904,0.7527094371450282,1.955391168435744,55,64.47741395988473
399,89,1.8168860972417584,0.7724725706312123,0.9742810400223252,30,59.945250520685
128,39,1.6158667354236482,0.42013083974400883,5.154078235112761,4,44.14852411284184
93,17,0.7566876070645692,0.35651970918991555,0.5437232636561726,25,20.05949508822452
379,53,1.4723112272573653,0.37108198036479934,4.515899261304481,6,40.18439539458442
78,75,1.7033600677845961,0.3585126907455954,5.935056665484524,26,62.54726054971053
30,85,1.0415985146981739,0.6190257527228757,3.151108716884296,51,67.10928997799932
180,9,1.8698692368156444,0.3085010490926628,2.5418229146778906,36,32.7245470048736
172,29,0.5683842387645036,0.7274286891354804,3.8320812496109236,47,45.61422218674207
255,45,1.2078568805572403,0.28406260715901566,4.925838052062197,7,43.56128020110215
353,13,2.3302643986661784,0.22151171224820498,1.8213859657640337,52,37.34758067095067
374,80,1.022283522179573,0.45543219395669693,1.8788578603444492,29,54.18097020581373
130,14,1.8524244400073875,0.35348777898643285,3.8394790774776575,20,30.408028785357878
392,61,1.3840713129047486,0.990929644328066,5.6693390146986795,45,63.79392576184313
260,83,1.1595043417965922,0.44239704049377393,2.141419866673199,9,47.00789868219556
46,63,2.598716050984064,0.377651268820411,2.572150647759572,34,50.36337093701897
376,69,1.2238281233929205,0.35741585879937166,5.963333158031593,29,61.098681455719735
72,27,0.968022163568844,0.4990823238427923,1.469221908635837,11,30.731162690785276
243,75,2.582323157536649,0.6846791162652623,0.9233249260641724,66,61.643698676778776
320,40,2.190266454245956,0.8255562200370259,3.7436538138433337,25,49.580323291215706
114,10,2.0363193128756736,0.49166099819445475,0.6334684363189815,2,16.91224522175864
122,36,0.518883860960502,0.7007767840342316,1.4923827720115248,31,32.3062143729105
200,34,0.714891905717862,0.58564791862351,3.922150493797574,67,54.248613355319954
356,49,1.9320159131431907,0.8771962770027188,4.127318203802331,46,53.08569192489669
104,27,0.9026388076630245,0.6552334217267481,3.307338873061908,44,41.74314245706561
272,44,0.9415311655128618,0.43191333750328015,2.610614254261608,63,50.44786270431445
191,41,2.2699324368246656,0.7628698057426047,3.6690867143201658,5,41.456651882743856
62,32,1.0862198772086624,0.8560515904183967,4.038621641682813,38,50.569191042248484
290,64,0.5718095251645984,0.5723525254111721,4.9191512546040785,22,53.20426031347021
336,30,0.48743667354366665,0.9897577911058553,4.860129555154161,47,51.475382441068845
238,70,1.4636271693886909,0.9032775033530507,4.156404210332213,59,64.74651875408988
87,26,1.8811085864431503,0.3575637357323932,5.418279207756561,5,36.986594121883556
79,78,2.485324560140327,0.8294046977249898,5.109138894774803,11,57.17249645072674
180,36,0.6659305480783343,0.6807609954798128,1.232853045198671,66,50.05262030724816
212,8,0.8720147830919112,0.6278490382462678,5.761736927279158,34,35.12427369331105
229,17,1.6715214661779307,0.6111508692636547,5.404582662748562,22,37.95887808784188
112,73,1.2738600693807403,0.8827289142259434,2.265099487293779,10,45.51170701647334
210,79,1.558089882989187,0.6886982311227589,0.611014302338717,24,47.73061679510664
132,23,2.6178991575621167,0.630164788042987,3.821867707170581,0,32.70685948848378
280,56,1.707739969275249,0.23908792540643928,2.9112966727651344,15,39.862525746273015
322,53,1.3962894654689824,0.558642295806846,4.622616644223726,12,48.58893780812573
268,16,2.7746557760793875,0.9264332496364063,3.385298704797424,5,33.8995623207529
20,43,0.5565176077588871,0.7693893834756953,0.9206973938802073,67,52.29601061513845
396,63,2.6370722760908123,0.24076318244492276,1.8457808114012673,55,53.52371435131335
29,87,1.603988420957159,0.9071938257208338,5.353880658695912,65,84.94227946572958
399,77,1.6090152106411315,0.8613337771016434,0.7072933264327755,16,50.687975008811115
32,13,2.612714402087702,0.6373473692556224,4.551683181690579,20,37.882619281618574
216,25,1.6175775510233668,0.2179243721458252,2.105689293732878,19,27.39659070406476
60,42,1.4521770172723572,0.6499436944270405,2.9895189167337337,39,49.819211872265356
56,17,1.0539726210812776,0.2436712399411409,3.420529875513847,12,30.35309741129821
279,53,1.98116024036181,0.45630316770998436,1.8754474651896058,16,37.53733016766323
296,5,1.7671482183514278,0.7031276951221912,4.085782436487145,68,47.034724766055625
64,14,0.9144290486746793,0.9303304671057395,4.3139321995383195,24,36.89142640639302
391,9,2.1025909961471796,0.486236509807583,0.967827138189263,54,36.86680890654339
141,30,1.9458084576079373,0.8880190263067627,2.5565989171828134,16,38.74573713088286
140,69,1.353601322095698,0.934688808320413,4.594075156634603,65,66.38671401546797
132,20,0.4105622125685214,0.21683510436585146,4.4690065791262255,48,37.871935063890106
195,88,1.4717947604228505,0.39154227020202526,3.4953183914788153,60,65.94948430785382
87,27,0.4145394811126042,0.7678898393819991,4.777211289274078,36,44.92595472719071
181,8,0.5799963743176957,0.8054744344636389,1.0920469117191378,63,35.550701200979404
99,33,1.4334637659540017,0.5139334801736433,1.1501619731449153,25,30.570352009601002
39,68,0.5966077220447865,0.7254036902182841,4.116191151629897,33,55.74465528005433
160,14,1.061597041089199,0.6897268938896282,4.313336273423209,4,30.949452291575074
275,11,1.9731792845415241,0.7918199692808481,4.979897704265887,11,35.377528873137074
309,77,1.1406768222626056,0.7749267421960975,1.4957028277529139,53,59.43319655113438
154,55,2.794356625891625,0.2686966383922891,3.342244126871078,22,46.75620331751823
143,34,2.5991248813959547,0.3266001447520488,4.134572134245703,7,35.1036584837068
319,69,1.8047437710052567,0.30618171780745285,1.7303476560595827,20,45.38693342375962
278,76,2.720673132723833,0.9459840558742552,3.343103260766949,24,65.9620981782121
336,35,2.483241506638053,0.9308341186823914,4.011447634148278,50,56.59696160798738
364,52,1.165356445217169,0.8379298156775761,1.6794723131272418,6,37.577704690068806
332,5,2.1990309903647427,0.29337484854076745,2.5655987563757776,1,18.587509518439404
375,31,0.7283962816094737,0.6594171759356687,1.6898634557463938,50,33.83971944798731
178,55,2.0429234185089786,0.3497845008718812,5.466185974357293,9,49.75763072908213
169,21,1.578596383586993,0.494707150047042,1.8023938506149548,29,33.98898227683086
142,89,0.44038225420677934,0.4136730213099304,1.1645904429218834,47,55.170814922820085
109,87,1.0581515737368898,0.8631447851899727,0.6933542133992903,35,52.64551983314659
304,26,2.6929173217701963,0.3155611196154186,0.747244098262426,8,22.849462333599163
291,38,1.1579955642123536,0.7169433348880607,1.5537242923174932,50,45.47371574912304
324,21,0.8354906927234576,0.9871157310209335,3.8451468121882377,3,32.473882156894476
83,47,0.8500754717733,0.7496436666029067,0.5970743098111746,16,38.073772833862776
206,15,1.5501118351406777,0.2633867912055678,2.0770915861643093,7,22.64782583983178
104,38,2.4223581776092837,0.9262796015700199,0.8199179022781463,35,44.80031316902845
359,52,2.2192042363200315,0.7144637421516771,2.720123236645422,48,54.43175537625948
121,57,1.4484448180906582,0.5650487836841629,0.7671720580642168,45,48.95003392944081
74,55,0.9009445202487053,0.7277539828328949,3.841479771414554,9,40.51709989175882
236,23,0.5105557602452587,0.9032354643781095,4.286333460354584,24,35.99647154029821
354,72,1.5103127667585543,0.5817017823321995,4.522356523040699,10,51.058040262871764
367,63,2.35546083644366,0.6250571862497833,1.733888692554403,23,50.07645928235836
56,69,2.151236784626353,0.5619579193743629,5.276750890789588,16,62.812070069152846
143,44,1.3806418423054008,0.2580731410589322,4.296584920320095,51,49.68964985998369
78,80,1.8272864126022408,0.8296561015418868,0.8115762061490122,52,59.72118276144216
136,38,1.4469916502709221,0.3011293949134712,2.924216897857849,57,41.847305711252275
222,73,1.7896386634964268,0.5156560082306483,4.722660713548646,14,56.0399868583086
126,22,1.642012586544518,0.5094582764861834,2.2099165969612637,0,24.135333060329657
45,26,2.0343198403003817,0.42403263366939037,2.5985732564899564,2,39.11832291335078
213,49,1.6185012244794974,0.5220057007155348,3.9628210501309855,59,54.078893485386324
40,52,2.6574663956021403,0.6944072883059429,0.805144840637438,63,62.40195130642962
106,68,1.427267635796047,0.4491098497661694,5.818142722793546,14,55.52279073339786
20,30,0.43819912729530625,0.33800955015862116,1.4596455583535033,61,42.12029250306018
52,79,0.9672964849815628,0.8954940084058134,0.6466959980544318,37,57.43993221116127
185,33,1.6014564594559744,0.9766661198857085,0.5292764012223115,12,34.34592596548122
343,50,1.697372444532789,0.5668670591010565,2.6975490624966767,21,42.434382577468234
314,84,1.7257234943489284,0.46161576987566866,5.3633935101145775,18,61.973476885438444
57,50,2.1149250358481972,0.23798566222258347,5.008691435698609,53,60.311364681036885
33,62,1.0591555422820669,0.22948123248804253,5.516251890373322,13,53.49854642967472
148,82,1.995768829699545,0.5143055965163217,3.435802756308944,12,53.57230493450152
267,87,2.0896774554861106,0.9441936146407726,2.968104286313404,50,65.71997563683976
303,47,1.3870738062899832,0.7845668347212515,2.62223536858737,21,42.85917592923295
332,40,1.365205837951173,0.47941553509662005,0.7552994168521823,17,32.62081275805344
150,21,0.8294194855754795,0.9744371401456489,5.5023669096783445,56,46.87146086187518
83,50,1.393569703012897,0.5430063226045846,3.2289685075660013,65,57.339488766455545
30,83,2.2883591000968297,0.4214341951797166,3.0028708707833056,38,63.856411054134796
75,46,2.581535213319721,0.5410825957794858,3.333421178577645,57,52.89795321758285
44,34,1.824671659163117,0.36923458158706624,4.867849849628103,58,54.26001157732453
347,14,1.118488824050317,0.9085110161606367,1.7345909729041016,41,34.67248508583049
121,38,2.0374953247833556,0.48893864833415224,4.404453734472078,58,58.19984076536407
332,25,2.176350900870409,0.7263751715954572,4.409233574697181,0,35.41500038231449
230,88,1.1973106690735897,0.5112377590617309,5.172540302420006,2,58.38214404069369
224,49,2.3837148675749122,0.9213851343711701,0.5477597915512851,61,52.42732162144138
192,16,0.5768699971320161,0.7139046013725041,1.4371754877932263,9,19.13470253389927
331,10,0.4258089222400613,0.5906015122250396,3.090757686246155,50,37.69431775161439
36,77,0.6951298543169262,0.30571437534507084,5.177972131038131,29,59.05926943183005
55,84,0.7744200347860233,0.9215333302817634,5.808142738953912,55,75.40834589242483
180,69,2.5094296790745307,0.6374534946174167,3.771777380736707,46,58.762343455635296
169,15,1.4199560853310742,0.42804237836913406,1.6667368648266108,5,22.193042991603495
227,13,1.0598360607289161,0.9023415134533634,1.5152158270355511,23,32.01859324531065
300,21,1.4297802783683666,0.24355234191552624,4.016941746924471,49,43.08799904584278
243,68,1.3476181424815175,0.45126153386365736,1.6553803088267254,64,61.08536023583754
117,70,1.1235080031712408,0.6294627209617181,3.541980831564874,56,65.7275982576803
144,76,0.7309589977887168,0.47185146883463447,5.091465610291461,62,61.90044213119719
305,13,1.9741971087373136,0.5813874043030862,2.6440080665414953,66,40.15131649633431
96,18,0.7278505666711729,0.4114530018647871,2.5815970435806106,62,35.64099519899395
211,81,2.261018686414418,0.30406647274631776,0.6987718529009057,40,54.53115431211589
224,83,0.8840512318730886,0.2294833108934814,1.8974651813350518,23,47.042858853805896
305,66,2.155291137119948,0.3261172519297135,4.340053027906009,35,54.178702428373676
291,14,2.3334066536691207,0.9623572112198495,2.4821518482270806,55,43.34405431272221
196,10,0.7007824234586818,0.6603225066693907,1.3706440450945707,29,27.877186501878757
137,9,0.6081898438912098,0.5911681002223612,1.081722535681799,58,29.50067429008261
159,63,2.6789746495687834,0.5074590714445668,1.022793579828899,49,49.315381769489655
176,76,1.5113123362061938,0.7667361167867084,4.125233882148423,14,55.073944419556994
103,58,1.9125651879351722,0.31300758072487467,3.8694181333645177,64,61.9935919482422
257,27,0.4558250562922426,0.4209038941221308,3.351865530811467,59,43.68433852026511
99,69,1.0689044333352158,0.7247216957310023,3.2517954648752667,41,54.92450178994999
266,10,1.6129543709425271,0.5832514916681824,1.3422526897832938,13,17.986065570490243
305,75,2.5269239521345694,0.816074031167271,3.25332323618048,15,57.45008943186593
385,80,1.051454602154503,0.9176878751653226,0.8296577713020895,58,59.167280527562376
65,66,2.260459167660927,0.858698073096525,5.592221522314784,1,52.95972163951779
308,79,1.9893110278208845,0.3473661714085856,0.8191515470143376,33,46.18293810843946
52,54,0.6766498427337879,0.27317618842158287,2.829416071916552,43,45.83575547044073
148,44,1.1041004147007918,0.3355524804360388,0.5031408102174473,16,28.57439330457674
86,32,0.9708736874526874,0.8268245532801846,4.8238274133078445,60,54.078028033080635
81,83,1.4620662101758852,0.9310648715941685,1.4139360369459653,36,56.32875641733029
86,64,1.9248021833142022,0.9403590941630859,5.58703809801923,4,55.24956156926896
36,21,1.4402074132204161,0.4385726314963565,0.7418776132331049,22,29.908815394803284
332,86,0.9868877818043343,0.8722731024108468,5.0143303401043475,27,69.94152595096217
43,10,2.070109043747861,0.6289884280176774,4.111507970485735,15,31.210260052129094
171,54,1.8027306273075756,0.8582334786785659,1.8735464538723978,65,57.727464408383405
285,21,1.6463533777976607,0.6386918739040008,1.6133078507682719,25,32.21059910774287
396,61,1.7306070338703479,0.31671457582329454,2.467228633573623,35,45.54884462959082
344,40,0.9325615511051766,0.263375640858478,5.056215857464452,37,46.155974376566164
72,42,2.033034546621895,0.9657753193674716,5.240761015845005,15,52.47444085417223
395,62,1.3300012852930438,0.5406420451452632,1.4640695873837917,39,48.51086237211628
268,69,1.2723227673520472,0.4804165159178543,2.443964218263819,24,51.814789124244584
88,37,0.7593620998402493,0.4850424678146483,1.8062026114623964,0,23.231000239554596
190,89,1.8324096029210715,0.5031475291803776,1.1745356620084384,28,52.39584690630543
368,47,1.8463945853116157,0.9559974623154706,4.0554716314091035,40,57.92580787984253
169,18,1.216721544799668,0.2501636699225407,2.4022906277954443,8,26.142282377629236
89,5,2.4636401364772818,0.29524902990583934,1.7396122462698376,54,35.17447889369906
352,22,2.4290989569170276,0.8317212123854794,5.26298775426087,46,53.26251632967805
382,63,0.6617303355578352,0.6395275930721109,4.615748619969615,21,46.30507599828666
390,50,2.068092130743804,0.3028294063687616,4.755686317829884,41,54.15485824085509
383,33,1.3452034148440535,0.2275681094226691,0.7155774015080408,21,31.235563986630638
351,45,2.7993156425509427,0.37938747862338196,5.533217470770865,45,53.799854986378264
192,76,0.9400567112431657,0.40864859016821686,3.661061078858294,10,55.29136058854134
93,53,1.0732580929947746,0.2113704236597136,3.270915425764853,42,48.126674143065436
254,9,1.4610551069337459,0.37287243066975473,0.5582194031527964,3,10.702940754784295
103,9,1.0449163568335915,0.7906551495619198,5.437142157387576,1,31.57745360188011
199,45,2.060784079327634,0.884346951709603,3.4913975876730032,17,43.66520432653038
269,39,1.5541794692355535,0.9185886638157743,5.038344042872945,12,48.12387497906423
379,77,0.9301092036388965,0.5119312261148348,4.105310284060616,34,59.12874778215589
129,54,1.6152977667677502,0.45553098072284615,4.881814874309843,11,44.46928132141027
115,69,2.533090639276092,0.9998886785663101,4.311124617067913,17,61.50255825683762
299,54,2.3017495524401266,0.8154723607372711,5.565301462847047,6,52.91654618272492
22,34,1.5971894186243705,0.6298816647260435,1.7401630248675233,62,49.44954269665879
235,60,1.0923822475406744,0.4038171461515173,1.6115505760309894,51,49.32749752653647
303,57,0.8317275152860667,0.45704436230808376,4.4189785906981704,15,46.87172506078926
229,66,2.508118905248549,0.6122914790635098,3.257671403209079,8,47.29261195257837
165,21,2.104400657196871,0.6336663358326005,3.795386436841785,59,46.6965526200178
334,59,1.7731919275539,0.21094291541894228,4.3969835805517485,46,54.599031772698616
160,29,2.510643150288804,0.9675200682171796,3.5108550835000143,62,51.36571949902243
290,72,0.6920566896978149,0.6604849978812508,4.832313962164079,12,46.91869608241448
196,72,2.037974286404964,0.6713265955273067,2.253770457647189,25,52.80689307745911
30,58,0.9201095497917567,0.3691769070030554,5.224447439798307,8,44.62306962540893
221,85,0.6893858584383687,0.8119897430409984,1.092219941090804,29,51.260760455902755
38,50,1.5174604240166394,0.7898116160734743,3.9870218732865275,11,44.28342628569937
373,7,1.329743031434449,0.2761263787238113,5.395728791397387,0,21.558822534824614
248,56,2.658816662380445,0.6759954978079362,1.8898177034593755,35,50.722263917598916
161,71,1.1775509122043593,0.726554996263904,2.2975907120815213,68,62.37351547776465
204,13,2.3557654217248056,0.8684545396591019,2.1799297817100642,45,38.57606466181187
255,13,2.197184801124027,0.36487294313416857,3.6034504147626856,52,36.885224236510375
118,28,2.003017288140487,0.9021078374451248,2.7707949856083167,56,47.04071247886082
129,76,2.608961135104143,0.5691848573660765,1.093776067471963,68,63.849779397504484
179,49,1.3790190265152211,0.27721889544451583,5.40207971966053,8,42.60357599489085
118,87,1.3352108463588777,0.28449697720870076,1.6257214603727077,17,51.15259263325667
308,79,0.7862738165956225,0.35824356293853565,3.437440060436913,43,60.15669333625674
59,52,1.061828981188166,0.4262005647882468,3.771426927654938,57,55.95201464033062
334,62,2.5114634945460894,0.5971246435678397,0.7241351400614793,54,48.59590839586207
152,33,1.5385171189872833,0.7990009581956479,1.0264178020988548,50,40.78527121642171
233,12,1.219247973257705,0.34938072161554584,5.844293407362534,21,34.61089280182062
79,38,0.9186689321972107,0.9941214355996293,4.154817870821603,25,45.10946332759555
166,55,1.5639046005846762,0.3292175454162501,0.6846084737553481,5,30.33833807314453
306,20,2.1199968891148693,0.679502374177718,4.868095713591493,21,39.81638457545482
122,23,1.0880608610969809,0.9431523486970719,3.2969854510261705,10,40.14352589829831
70,6,2.21851964995037,0.8660059383014618,0.9135976464316158,65,39.51790980646119
218,67,1.9114906593398042,0.7183113613305279,4.244136539262852,6,50.27965647504883
81,81,2.29015015009529,0.7723943974327188,3.2464349322765766,25,57.0136202859636
139,75,1.0021831092997895,0.30736450136429144,1.6270589061100778,62,60.20267776121508
191,37,1.9144675473593087,0.2077304430081986,5.327362496488508,66,57.14701420041628
234,55,0.7689646707732206,0.5473190274882982,2.1025892206513976,26,44.837156541335624
262,86,1.2731127571951282,0.27161514107064244,2.0650614949931927,32,57.22247492779653
277,55,2.1384642276227233,0.4862020495302595,2.000254699857533,36,46.24423639363492
340,30,1.9160041253918463,0.3789942348557901,4.721006773989782,57,49.17673080733994
45,33,0.8508657408100527,0.9330773779045942,4.383652687092926,53,59.38654409309609
157,66,2.46002241302207,0.904044799206446,5.467301270086966,36,65.54249456927333
20,42,0.5280423576284365,0.8551542788248068,1.7613657077135385,26,38.85464732966548
23,76,1.8285176524399587,0.7711554387311901,4.825005275485446,26,66.54571863141318
100,78,2.761169200555855,0.32325754328322165,3.6517506709045278,45,60.29292520424525
247,8,1.6756113564225967,0.23869394095932128,2.197737853089673,58,36.82477313408073
359,66,2.3216123679026097,0.723110286283754,0.6949977282426285,5,42.583310189793615
313,36,1.8284343356538453,0.7138065097400794,5.004211524181105,53,49.957709037363365
265,49,2.279411955815182,0.4955394278035848,1.8258925433234598,33,44.94183344134514
315,27,1.9734259248526893,0.5781493331484777,3.974586699182057,10,36.17947206258106
85,36,2.058716834890069,0.5913195105903915,3.518773648328969,6,38.61749647980484
339,33,0.9467467626073217,0.3919425061972051,0.5244724625573114,23,30.775658761545973
358,9,2.1803701925750025,0.4513332895260687,5.968889964668693,17,39.33313911883265
56,71,0.9709837279943938,0.5347116437308013,4.978811456900708,7,54.22457079838923
198,17,2.753536660342211,0.6825432239292719,3.1755919885017514,20,35.30420951445533
335,36,0.9466892583068913,0.964655364813914,4.2418775363331065,58,57.218223992174
200,21,0.968041608634375,0.6307876876152321,3.1212683012492493,50,46.86419280236889
339,18,2.460815489161274,0.7849311276345612,4.59522449203302,14,40.09712058088684
375,36,0.983166068710766,0.8456008819164427,1.2388070020039175,47,43.32983924199917
200,83,1.2661667043790792,0.2908064970468429,2.954930473787167,31,55.94960785167071
42,85,2.115136386829665,0.7224997340431527,2.3454544739007304,52,69.24223881890765
149,37,0.7809965924674318,0.5856885762035395,3.0281038392171915,17,36.710702400397764
101,47,0.7817722115860054,0.6579447537983137,2.977599590732003,4,42.42664644373644
200,88,1.5672602158398856,0.23073354861523568,1.2870167237855688,21,47.807211925414144
242,24,0.9848722101585444,0.9249725892379081,5.87068713889966,69,59.919019404663494
196,85,0.9655790933656806,0.9622273196603601,0.5852067853347043,38,56.45534919175662
94,13,0.42217341140443043,0.20278553894768941,0.5554011964956936,3,10.921044287475759
134,24,1.2890790188750751,0.37023327363320874,2.553927251935118,68,43.821348830728944
278,33,1.1638013310841677,0.34415533896716,3.9120699214074963,57,45.94339799630631
30,8,0.474773945984009,0.8250436138238813,1.4880927474821053,38,35.67163898502361
101,74,1.8909596277127925,0.6784640472894563,3.432567021472886,51,63.16033984217205
359,77,1.9039724368080497,0.3418669306373854,4.475245823799134,12,50.276066697050176
57,37,0.5699211322567813,0.8511767642550885,1.0173333497208312,41,46.49171369225683
177,76,1.1608997509826873,0.48277989744459876,5.914323244087633,63,72.94439180145632
98,70,2.4947332767889545,0.5686855010344819,2.3518535625661188,30,57.18911939366951
59,73,1.7972009637869881,0.5098452842565164,4.03328477582987,2,51.814270250741934
180,73,1.3887393376287709,0.6171041651529836,1.1089592200261664,52,55.53818159089584
218,53,1.5162446283138302,0.5841139750629802,4.402175137967295,51,58.28854817046502
86,14,0.8998719866459324,0.4196672021299541,5.122509908843673,51,41.56952801387421
49,83,2.348515601699027,0.5396448299950722,1.079068282818423,45,61.54712873186201
71,56,2.593611293082322,0.9266697198834402,1.1922473490353642,9,43.946616570842416
267,81,2.5855937014001045,0.6023153091833962,2.0457607791297523,8,46.82556494542863
346,86,0.9374425400615192,0.9331091283379005,0.5656469845643111,55,61.851580386491335
88,20,1.1457766426634965,0.6401016382543717,5.923282118854764,59,50.44904994973511
141,39,0.7854946595428883,0.8150538346113272,3.791112412239573,5,37.26324860192665
150,21,1.1372827207175515,0.43487304772777036,3.8417419747995,40,39.807347104101275
157,9,1.1987328930942407,0.8323307920355263,5.774291933083998,35,44.79959360754817
112,87,1.9194537689551252,0.4114572903879885,5.076160898756849,24,59.6908807729393
41,83,0.8551513157154991,0.21563997731437842,4.978336120325922,45,65.16665693845152
219,84,2.6065526184825845,0.3285831545421545,2.367263034458941,63,63.53020237212478
155,80,0.6474387282047439,0.21732230002562947,2.34174866405555,57,55.75154945162778
150,60,0.41650722648239935,0.957650113513143,2.1045587789695577,10,41.464713560829495
120,49,2.4518683087132795,0.9999816163341555,2.406826689769759,32,49.549147711910635
373,89,2.0890475386385194,0.8097842108956166,2.532298187479178,65,72.78887597305378
251,51,1.2528636888543963,0.2865025310012701,1.2700202893932633,16,35.99659128889396
179,59,1.8291992941842832,0.9191563682661197,2.4577132448615147,59,56.777528474239396
98,22,0.9365058420141601,0.7950209466128835,2.957108693846002,34,41.41156110624289
324,68,0.8041351567489023,0.4657956123216703,2.201410363106622,36,52.15126266084136
357,74,1.5307579243329346,0.6018223294471456,1.4094083248665128,17,44.80141074974203
32,62,1.247650791330306,0.7294074730095752,2.553757189981737,64,66.5904051497292
373,47,1.8765521212847012,0.219240380538617,3.1449927526903974,37,45.73116496610739
